colnames-ALL---c-1-15--,P_VAS,P_SJC,P_TJC,P_CRP,X3.1,X3.8,X5.0
HIST2H2BE,0.890730256,0.47526814,0.35036674,0.570217116,1,1,1
CDH16,0.009519027,0.344822636,0.476148718,0.553179033,1,1,1
CROCC,0.176041084,0.318477109,0.978372402,0.171881331,1,1,1
HAO2,0.070472977,0.269000741,0.17980142,0.847162466,0,0,1
ITIH1,0.721723054,0.922393529,0.270758147,0.045143498,0,0,1
S100A10,0.133153155,0.352692459,0.729898398,0.090594795,0,0,1
RPL27,0.753076387,0.694317859,0.854070636,0.43782126,0,0,1
PSMA6,0.850116863,0.428760323,0.932804552,0.89120687,0,0,1
DCTN2,0.714358532,0.410043965,0.459870128,0.138310266,0,1,1
ARHGDIB,0.929895255,0.046102949,0.198568645,0.544541112,0,0,1
FTL,0.473984679,0.2059894,0.699108883,0.921008211,0,0,1
HSDL2,0.62819342,0.292455329,0.758268609,0.087975628,1,1,1
OCIAD2,0.300963764,0.071025347,0.113900417,0.960848027,0,1,1
C4B,0.777970688,0.451795651,0.998041703,0.88902509,0,1,1
DPEP1,0.388375832,0.431764968,0.203272494,0.564652896,0,0,1
SRI,0.008779604,0.011320649,0.141179823,0.521542802,0,0,1
FAH,0.098956864,0.74665448,0.372835324,0.00136584,1,0,1
CD55,0.490531175,0.310664054,0.670399694,0.170512411,1,1,1
RPL26L1,0.006166883,0.011664248,0.293443386,0.772362453,1,1,1
GNB2L1,0.790963448,0.584306641,0.053688442,0.493790774,0,0,1
ORM2,0.016907875,0.359654509,0.396009544,0.177809882,0,1,1
PSMB7,0.332098288,0.16197422,0.466353756,0.092128501,0,0,1
MYO1C,0.68558313,0.610332871,0.852341718,0.288915057,0,0,1
ALDH2,0.64680551,0.593458495,0.881392741,0.18038367,0,1,1
AP2M1,0.084165212,0.188024731,0.078521281,0.891656151,0,0,1
6,0.333453234,0.974202374,0.731847545,0.75982551,0,1,1
MGST3,0.480807457,0.715800081,0.276210736,0.825353982,0,0,1
ARHGAP1,0.64164849,0.137472784,0.359213196,0.812325108,1,1,1
RPL7A,0.741503831,0.456502222,0.586770091,0.040024979,0,0,1
COL6A2,0.594236578,0.801933346,0.563500929,0.346644697,0,0,1
HM13,0.128352824,0.110704735,0.08529184,0.317105821,0,0,1
CAPZB,0.347437141,0.229152952,0.126024378,0.506509251,0,0,1
SERPINA4,0.124217369,0.477911163,0.016629999,0.011155128,1,1,0
PADI4,0.010685294,0.494246687,0.816688819,0.115898825,0,1,1
FUS,0.690307774,0.428635175,0.126933833,0.060861137,0,0,1
S100A13,0.175548203,0.539845914,0.269110634,0.211950895,0,0,1
FABP5,0.214996331,0.990787388,0.164026575,0.663343217,1,0,1
TXNDC5,0.814453401,0.841065357,0.943208588,0.189100553,0,1,1
SEPP1,0.808635396,0.040181733,0.62857247,0.574964917,0,1,1
COL1A2,0.423485468,0.191661025,0.130450149,0.409322661,0,0,1
SERPINA6,0.115832626,0.63672633,0.796538652,0.024144275,0,0,1
HNRNPF,0.650921894,0.683503915,0.889276119,0.30463203,0,0,1
ARCN1,0.576234458,0.995780237,0.995501367,0.785526154,1,0,1
AUH,0.801162906,0.847424442,0.564259975,0.960168413,0,0,1
TTR,0.816224396,0.727953165,0.122837259,0.055193968,0,0,1
TARDBP,0.142982413,0.992143736,0.311778258,0.118675293,0,0,1
ACSF2,0.756772873,0.153902627,0.860201034,0.032758908,0,0,1
TMED9,0.366346172,0.540065536,0.299255298,0.507300266,1,0,1
UGT1A8,0.50995112,0.482248885,0.079401478,0.52012015,0,0,1
TXNDC17,0.39600209,0.87828967,0.775620325,0.090852141,0,0,1
MOGS,0.459188707,0.409075425,0.713855798,0.977126573,1,1,1
CANX,0.342935017,0.841521202,0.205008377,0.212235338,0,1,1
ACTN4,0.593214656,0.947252966,0.110997137,0.491178636,0,0,1
ECM1,0.819499796,0.613742484,0.375942218,0.783114108,0,0,1
FIS1,0.294876851,0.816897123,0.080974518,0.582448712,0,0,1
GSR,0.50815159,0.623132707,0.20357131,0.399401435,0,0,1
HPR,0.092525745,0.009470212,0.027710533,0.724981815,0,0,1
HDGF,0.596956279,0.305016449,0.607615725,0.312498608,1,1,1
ALAD,0.595956752,0.638739399,0.3798361,0.166180871,0,0,1
PSMD11,0.046659311,0.803134141,0.374424401,0.989077042,0,0,1
GM2A,0.66389471,0.111085767,0.651986361,0.982670198,0,1,1
RBP4,0.087136065,0.138897061,0.007111253,0.077257002,0,0,1
RPLP0,0.120342511,0.110533509,0.061222918,0.289949526,0,0,1
PROS1,0.931087357,0.593167941,0.948548525,0.084731257,0,0,1
RPL15,0.332252281,0.072380091,0.443208001,0.526169858,0,0,1
UGDH,0.649851778,0.593155004,0.616675213,0.60374947,1,0,1
HNRNPA3,0.282554248,0.547737939,0.293144212,0.052322246,0,0,1
APOA1,0.58367693,0.091263457,0.82867793,0.267466581,1,0,1
PSAP,0.423976903,0.596217437,0.835146412,0.564265671,0,0,1
CORO1C,0.612942015,0.512443489,0.832259468,0.394412267,0,0,1
RPS3A,0.031443735,0.745374069,0.609326453,0.558312273,0,0,1
ADH1A,0.321362496,0.189282916,0.134389812,0.841104737,0,0,1
APOA1BP,0.166538354,0.752622355,0.497829754,0.555232291,0,0,1
PTBP1,0.001358201,0.034059623,0.044070217,0.004725604,0,0,1
GPD1,0.157994819,0.903355148,0.210180132,0.50457284,0,0,1
BRF1,0.48595883,0.757320603,0.885575894,0.91984491,0,0,1
OLFM4,0.920755856,0.2879229,0.267243019,0.84057369,0,0,1
NDUFS1,0.919126125,0.025712711,0.235523741,0.717482422,1,0,1
QDPR,0.288579642,0.35149426,0.226588322,0.285757055,1,1,1
ATP2A2,0.766159874,0.665374551,0.836179984,0.108990862,0,0,1
SERPINB1,0.084962981,0.157135238,0.444374786,0.455009047,0,0,1
MTHFD1,0.046958335,0.681091409,0.427695884,0.422184245,0,0,1
PTGES3,0.644759292,0.047303211,0.4326396,0.075907586,0,0,1
COX4I1,0.017686049,0.037079638,0.010345602,0.107916452,0,0,1
UGP2,0.205889992,0.868820816,0.746110086,0.003863218,0,0,1
RRBP1,0.61861941,0.430801658,0.924581152,0.20967845,0,0,1
PDLIM7,0.040846096,0.675057056,0.070778213,0.229248409,0,0,1
PGAM2,0.583562224,0.751338988,0.064023064,0.971167917,0,0,1
PRMT1,0.747101303,0.489722529,0.825163863,0.811503327,0,0,1
MYL12A,0.472227457,0.894742084,0.09412456,0.021917686,0,0,1
GLOD4,0.981793441,0.496172052,0.454454455,0.146727009,0,0,1
ASAH1,0.995915913,0.622897614,0.823551634,0.031250992,0,0,0
FASN,0.207239967,0.161226821,0.208940008,0.569886768,1,0,0
GOT1,0.500150581,0.000102201,0.161789111,0.699665752,0,0,0
C1QC,0.181042527,0.116931507,0.594404347,0.586083532,0,0,0
PLS3,0.856216872,0.133920198,0.059135141,0.880934047,1,1,0
CLCA1,0.10812034,0.017719857,0.256391928,0.800575607,0,0,0
IDH2,0.257760838,0.446113712,0.180225838,0.964733042,0,0,0
SF3B1,0.004538357,0.033822831,0.178021966,0.218305338,0,1,0
PGLYRP2,0.089793876,0.73687359,0.212608235,0.004201567,0,0,0
AP2B1,0.413717357,0.800202232,0.281356045,0.869476352,0,0,0
HIST1H2AJ,0.76049717,0.198763555,0.841937896,0.029748388,0,0,0
AK4,0.04109941,0.091024212,0.025102657,0.268855867,0,0,1
ANXA5,0.459720281,0.148974428,0.589042433,0.056944601,0,0,0
RBMXL1,0.025856662,0.412945123,0.656795766,0.926873171,0,0,0
PTRF,0.396939013,0.304919425,0.544624873,0.618601531,0,0,0
IGLC6,0.088538851,0.720845423,0.137967808,0.59745305,0,0,0
LPCAT3,0.343922115,0.491467615,0.559971434,0.470390073,0,0,0
RUVBL1,0.930207036,0.853652662,0.591655175,0.556108118,0,0,0
IGFALS,0.061580858,0.077615278,0.013583652,0.679116878,0,0,0
PC,0.204970795,0.639520589,0.557459716,0.091723917,0,1,0
IGHV6-1,0.111450495,0.032282733,0.104880706,0.019296759,0,0,0
HSPA9,0.959192398,0.720036565,0.725771942,0.602848401,0,0,0
UGT2B15,0.404214149,0.220883718,0.44463754,0.835229799,0,0,0
RPL35,0.723365212,0.057232687,0.852651011,0.350329811,0,0,0
VPS35,0.261221543,0.769539074,0.520381208,0.94358207,0,0,0
EEF1G,0.870418506,0.083094951,0.335146108,0.060168645,0,0,0
IGKV3D-20,0.35827184,0.67210571,0.420276078,0.951702599,0,0,0
PURA,0.650026449,0.973134583,0.578749022,0.023423644,0,1,0
SLC27A5,0.375337238,0.75597485,0.703717851,0.888544948,0,1,0
IGKC,0.921563392,0.813366072,0.231607136,0.524876297,0,0,0
MUC2,0.558246784,0.483747362,0.504688807,0.101600384,0,0,0
ORM1,0.002128815,0.006240614,0.067417571,2.20E-06,0,1,0
CSRP1,0.048362158,0.902514169,0.691699936,0.453963292,0,0,0
ETFA,0.450368041,0.502650343,0.412305893,0.343670364,0,0,0
ALDH1A1,0.934790438,0.413703551,0.044280024,0.044594471,0,0,0
IGHG4,0.020902294,0.26573228,0.174019262,0.598145373,0,1,0
ATP5A1,0.160552835,0.869100349,0.495448225,0.118229053,0,0,0
CCT5,0.004267736,0.881184987,0.777145971,0.937407543,0,0,0
GGT1,0.845365186,0.341918435,0.415293917,0.694540639,0,0,0
LTF,0.590765386,0.005382751,0.262926475,0.440862417,0,0,0
AIFM1,0.144926921,0.192231631,0.621304428,0.026882308,0,0,0
RALY,0.698349194,0.521862915,0.784080496,0.520837316,0,0,0
PLG,0.033040251,0.166587485,0.03962823,0.155988097,0,0,0
KHK,0.446038409,0.827502266,0.120082559,0.767754739,0,0,0
HSP90AA1,0.560290374,0.42140827,0.914846652,0.492916221,0,1,0
SMCR8,0.387351804,0.759788878,0.698131736,0.953395591,0,0,0
ALDOC,0.131777385,0.501922824,0.275400372,0.601445778,0,0,0
VCP,0.985384974,0.046781707,0.763531808,0.967742495,0,0,0
BLVRB,0.798214728,0.730195549,0.519003123,0.668747338,0,0,0
S100A12,0.218900514,0.87427875,0.465406098,0.023241606,1,0,0
ADH4,0.444781608,0.480011749,0.211959454,0.149567346,0,0,0
NDUFA13,0.866127026,0.157401749,0.266723267,0.04220622,0,0,0
HIST1H2BL,0.127630495,0.499950994,0.919675846,0.528234173,0,0,0
RNH1,0.789956873,0.712848856,0.412966061,0.100258283,0,0,0
CD5L,0.312958085,0.182403825,0.243142714,0.52540647,1,0,0
ACSM2A,0.430833426,0.929173866,0.866970462,0.285148752,0,0,0
PFN1,0.505876844,0.75935457,0.705596811,0.452219042,0,0,0
CPS1,0.890731252,0.601448414,0.142050894,0.091228985,0,0,0
APOC3,0.125020681,0.572507384,0.014822887,0.600086812,0,0,0
APOM,0.582690388,0.216547324,0.338618706,0.077786127,0,0,0
C9,0.293942024,0.493656408,0.03774592,0.014531556,0,0,0
AMBP,0.179341914,0.306300398,0.153396886,0.98839222,1,0,0
HPX,0.037580797,0.468397907,0.524572017,8.62E-05,0,0,0
CCT2,0.885230635,0.589920016,0.828756551,0.039674813,0,0,0
SLC9A3R1,0.892619177,0.137279306,0.194476816,0.34947741,0,0,0
ECHS1,0.603525987,0.53998284,0.658780343,0.751475967,0,0,0
ITGB6,0.24778137,0.154318016,0.23978661,0.093317921,0,0,0
FERMT2,0.61398349,0.394829366,0.943461888,0.702275,0,0,0
EIF4A1,0.197020037,0.734924941,0.402336883,0.013039684,0,0,0
TPI1,0.272622677,0.139153063,0.979660665,0.695966114,0,0,0
ACAA2,0.252938785,0.670822784,0.434287511,0.139509447,0,1,0
ANP32D,0.685367681,0.908496581,0.560472225,0.470567711,0,0,0
CORO1B,0.355282926,0.277884307,0.0027507,0.608904185,0,0,0
SNRPD2,0.040720867,0.283158674,0.588133174,0.140306811,0,0,0
LONP1,0.152027554,0.429633274,0.736782869,0.102990188,0,0,0
ATP5B,0.045464423,0.981608697,0.267432678,0.045613974,0,0,0
DCXR,0.317919883,0.256008456,0.971329287,0.915394476,0,0,0
RAB8A,0.86832077,0.892790262,0.53014617,0.714793781,0,0,0
5,0.646058822,0.217088775,0.283295258,0.004315018,0,0,0
CYCS,0.734749504,0.651298517,0.463744151,0.091860038,0,0,0
C7,0.397437557,0.998718901,0.530257533,0.101181465,0,0,0
SELENBP1,0.023054773,0.090512173,0.099673476,0.059440219,0,0,0
YWHAZ,0.080373584,0.815811562,0.031332503,0.351824149,0,0,0
GNPDA1,0.451844669,0.592332991,0.750053441,0.424343069,0,0,0
UBA1,0.030737125,0.658994995,0.205230484,0.034671835,0,0,0
RPN1,0.891309942,0.475143068,0.030703825,0.047097055,0,0,0
YWHAG,0.003390651,0.118421581,0.14207364,0.072807269,0,0,0
IGHV3-23,0.434603985,0.297445581,0.437542504,0.823777927,0,0,0
ARHGDIA,0.156894672,0.098682884,0.017141588,0.317932831,0,0,0
RPL3,0.537379684,0.688899808,0.946638801,0.151310861,0,0,0
CCT8,0.077019252,0.320292132,0.191219365,0.4736682,0,0,0
TLN1,0.157386778,0.627809815,0.357148079,0.11495296,0,0,0
EPCAM,0.652657706,0.556645259,0.146167155,0.744626163,0,0,0
RPL34,0.974719698,0.038965092,0.954840142,0.067427394,0,0,0
SLC25A6,0.10508739,0.142306791,0.26180803,0.543019278,0,0,0
AOC3,0.392000896,0.392399832,0.804669824,0.086462408,0,1,0
UBE2D2,0.330109499,0.711971543,0.760605033,0.595293099,0,0,0
LYZ,0.648127316,0.164981371,0.571236603,0.894777232,1,0,0
HMGCS2,0.261843334,0.742883634,0.079879332,0.259017712,0,0,0
ACADSB,0.834121012,0.039825898,0.519749504,0.553948975,0,0,0
CSRP3,0.295372611,0.120468133,0.039037799,0.507742799,0,0,0
FRMPD1,0.756679841,0.708022784,0.824540588,0.439351676,0,0,0
PSME2,0.911562449,0.886553642,0.93933719,0.622003565,0,0,0
CLIC1,0.941313632,0.290285726,0.063628202,0.335821166,0,0,0
KRAS,0.909461724,0.447435137,0.17424855,0.328498086,0,0,0
TSPAN8,0.436869415,0.331526521,0.569600883,0.274215046,0,0,0
H1F0,0.425791007,0.837584329,0.74734667,0.376722811,0,0,0
HNRNPC,0.013657602,0.289679182,0.280680664,0.805892875,0,0,0
SYNCRIP,0.276160245,0.068638885,0.03946669,0.191295291,0,0,0
APOC1,0.140183442,0.96576167,0.691256467,0.429523667,0,0,0
SERPINF1,0.214070655,0.487066263,0.641990788,0.054317768,0,0,0
ACADM,0.037960332,0.953626698,0.4982403,0.632273796,0,0,0
ADH1C,0.366172805,0.333282665,0.858523299,0.747140881,0,0,0
11-Sep,0.858227292,0.106662962,0.341835383,0.496265445,0,0,0
ANXA1,0.420173669,0.378033741,0.594769016,0.974138576,0,0,0
ERLIN2,0.908011758,0.536684088,0.502374874,0.609248617,0,0,0
CRYL1,0.509213121,0.679727479,0.692354538,0.126131035,0,0,0
STAT1,0.110270509,0.478540062,0.947672911,0.664882673,0,0,0
NME2,0.261677642,0.467778365,0.225041162,0.808491353,0,0,0
CAPN1,0.163074658,0.43605885,0.4549579,0.510987816,0,0,0
ALDH4A1,0.282157687,0.248018136,0.473514686,0.041198675,0,0,0
IGLV7-46,0.938456392,0.908398336,0.998049231,0.457835849,1,1,0
ALDOB,0.892304256,0.453874084,0.47745093,0.979719983,0,0,0
PCYOX1,0.003896989,0.255053764,0.365714955,0.20009153,0,0,0
PSMA3,0.271536992,0.337744402,0.116159517,0.726495847,0,0,0
COL6A1,0.106264406,0.211798225,0.078486208,0.171042627,0,0,0
NNT,0.668949109,0.231568918,0.938687288,0.323088821,1,1,0
YWHAE,0.328645603,0.737950215,0.613488661,0.872427436,0,0,0
PAICS,0.414409888,0.65299639,0.895007428,0.704348008,0,0,0
H2AFJ,0.697844897,0.006876139,0.05174185,0.511480023,0,0,0
MSN,0.736742323,0.848036804,0.498421781,0.535794874,0,0,0
FLNA,0.608804786,0.751775839,0.769341453,0.388872211,0,0,0
SOD2,0.614435408,0.956952224,0.446310206,0.950434419,0,0,0
SSB,0.862374623,0.755430525,0.369475408,0.292594569,0,0,0
IGKV3D-11,0.644914278,0.043337701,0.884161692,0.564134049,0,0,0
MDH1,0.700292386,0.179533705,0.398010637,0.055058334,0,0,0
APOB,0.027551278,0.087690206,0.883352839,0.086167995,1,1,0
SOD1,0.024977572,0.237971316,0.016942394,0.846292841,0,0,0
PTMA,0.092735695,0.321467028,0.43907141,0.426280828,0,0,0
PRDX4,0.162239988,0.115169133,0.668880102,0.652494339,0,0,0
ACO1,0.336648252,0.647324415,0.620262878,0.173389738,0,0,0
AQP1,0.090672278,0.656493187,0.354106558,0.73661841,0,1,0
RPL23,0.599855284,0.592521872,0.847940324,0.796135783,0,0,0
DHRS4,0.820328176,0.122923165,0.931643931,0.806907001,0,0,0
ALDH5A1,0.341861684,0.83436349,0.15058134,0.071376635,0,0,0
DES,0.265875607,0.553440253,0.30528371,0.053549623,0,0,0
HADHA,0.427999164,0.009832725,0.211048521,0.890225911,0,0,0
S100A9,0.169742452,0.686602218,0.93576088,0.388606858,1,0,0
GLYAT,0.477500593,0.627138723,0.014695376,0.361618546,0,0,0
RDX,0.48268134,0.828235584,0.269862383,0.285367252,0,0,0
RAP1A,0.91191998,0.235008635,0.342352736,0.583611083,0,0,0
ITGA1,0.262525319,0.685824455,0.844025546,0.43163682,0,1,0
SET,0.417186713,0.287918732,0.478881858,0.987129132,0,1,0
RAB6B,0.631362838,0.677355528,0.608754922,0.387866845,0,0,0
CAT,0.600426142,0.778015784,0.4732977,0.23061512,0,0,0
EZR,0.307740133,0.215281098,0.464319138,0.039472793,0,0,0
PYGL,0.91587114,0.376697883,0.410769538,0.195674947,0,1,0
ACOT13,0.472258522,0.626109782,0.204054347,0.247093035,0,0,0
COX7C,0.158916917,0.823657096,0.724804802,0.430182893,0,0,0
USMG5,0.353361444,0.375132416,0.862570062,0.214561976,0,0,0
IGHV1-3,0.846869744,0.335147471,0.478829813,0.261283535,0,0,0
VTN,0.141359107,0.900280352,0.992301858,0.512739799,0,1,0
RSU1,0.199008371,0.386681834,0.849340285,0.396636412,1,1,0
GPI,0.023906382,0.180517402,0.010035788,0.388820275,0,0,0
CES1,0.258133556,0.095327607,0.040488107,0.238045785,0,0,0
DARS,0.491071715,0.55030932,0.876178851,0.849759945,0,0,0
DDT,0.498949161,0.383575809,0.679487296,0.036591529,0,0,0
HRG,0.69354719,0.4892562,0.973886191,0.934690041,0,0,0
ATP5L,0.770678633,0.512973003,0.731924018,0.860849301,0,0,0
LRRC59,0.310138032,0.688683545,0.703317128,0.841279473,0,0,0
ESD,0.718847388,0.205270289,0.659005172,0.063386254,0,0,0
PSMA4,0.761234761,0.139615926,0.298767237,0.140180682,0,0,0
GBE1,0.068788545,0.230585725,0.176065502,0.263453481,0,0,0
IGLV3-9,0.683866247,0.120012413,0.921134348,0.268597166,0,0,0
XRCC5,0.862431539,0.845806648,0.322554082,0.04430239,0,0,0
HABP2,0.047304134,0.330764633,0.845485087,0.52183817,0,0,0
SCCPDH,0.980285827,0.336651274,0.876665215,0.560449686,0,0,0
DYNLL2,0.159180924,0.310734887,0.513534944,0.689772179,0,0,0
VIM,0.203131369,0.490554897,0.518611435,0.167344347,0,0,0
NDST1,0.045404929,0.043194432,0.032037315,0.055365335,0,0,0
VCAN,0.25990688,0.277171141,0.500595224,0.665690554,0,1,0
IGKV2-24,0.974722038,0.635312768,0.995641867,0.346804974,0,0,0
PCBD1,0.330027152,0.866498079,0.495550582,0.012869645,0,0,0
PPBP,0.371162449,0.012716722,0.35514923,0.341837407,0,0,0
HSP90AB1,0.315611972,0.063693358,0.030260283,0.163137067,0,0,0
IGKV3D-7,0.67919398,0.098423044,0.558339898,0.78451718,0,0,0
ASS1,0.465260517,0.219565997,0.344826527,0.91622698,0,1,0
CYP3A5,0.514763652,0.135903387,0.370747172,0.13260547,0,0,0
GATM,0.810322128,0.465242971,0.705712517,0.15077418,0,0,0
GMDS,0.105392109,0.789442731,0.52673609,0.483976277,0,0,0
SDHB,0.062865657,0.267991971,0.248897702,0.777309767,0,0,0
YWHAQ,0.422340402,0.313889307,0.88400963,0.962100425,0,0,0
SLC4A1,0.843468599,0.285821376,0.91085495,0.051982607,0,0,0
UBE2N,0.548519474,0.53349374,0.620799815,0.463285966,0,0,0
TUBA4A,0.989963509,0.694698495,0.625861877,0.474439166,1,0,0
IGJ,0.984641525,0.895587357,0.306331798,0.581102678,0,0,0
3,0.382009627,0.658730506,0.376395572,0.001751229,0,0,0
AKR1B1,0.52416792,0.980639194,0.888529005,0.026634693,0,0,0
AZGP1,0.988183431,0.893355804,0.937271458,0.140431308,0,0,0
CCT6B,0.021931601,0.147171923,0.135202667,0.208292339,1,0,0
TPPP3,0.725033468,0.931805491,0.493662813,0.039816487,0,0,0
RAB21,0.970485683,0.183797532,0.175475057,0.762176112,0,0,0
GDI2,0.655335316,0.992404635,0.249640025,0.150755433,0,0,0
SPTAN1,0.273591777,0.189636741,0.510890307,0.892324371,0,0,0
CDC42,0.487759474,0.602600784,0.845100378,0.913068535,0,0,0
ALDH1B1,0.070486918,0.7723544,0.088328085,0.2982323,0,0,0
MAOA,0.630752155,0.832727143,0.689250786,0.000680227,0,0,0
AHCY,0.717371151,0.470998598,0.38767718,0.609435589,0,0,0
RAN,0.388193743,0.170148034,0.148540976,0.360920652,0,0,0
GNB2,0.730409861,0.009603612,0.894146701,0.152744789,0,0,0
XRCC6,0.923477868,0.474908593,0.622500553,0.298373703,0,0,0
ACOT1,0.671012592,0.267791215,0.31445959,0.053866805,0,0,0
SERPINF2,0.321825294,0.211079386,0.953766254,0.356102398,0,0,0
ATP5F1,0.303279808,0.905013811,0.358540348,0.173571785,0,0,0
CAV1,0.782023162,0.383616804,0.585931729,0.366488558,0,0,0
RPS11,0.039505495,0.389086639,0.05932515,0.20474196,0,0,0
C6,0.299439017,0.214410906,0.768153667,0.281117422,0,0,0
MME,0.063895501,0.027438416,0.436726726,0.640490999,0,0,0
AK2,0.589852636,0.659738176,0.911415577,0.577369745,0,0,0
COPA,0.797495815,0.539188176,0.537467894,0.204987309,0,0,0
KATNAL2,0.513402698,0.531498695,0.830841369,0.604072556,0,0,0
ITGA6,0.957491144,0.446001476,0.384274263,0.513668775,0,0,0
ARPC5,0.41249228,0.406497675,0.976384228,0.552065771,0,0,0
PSMB2,0.937903914,0.279768099,0.426786597,0.134439596,0,0,0
TST,0.283224685,0.422469495,0.945806469,0.885487466,1,0,0
BHMT,0.382672454,0.085413626,0.104350008,0.499580786,0,0,0
PRDX2,0.997016323,0.157666422,0.938622511,0.631539389,0,0,0
SERPINA5,0.444446578,0.181360832,0.912232479,0.941326458,0,0,0
CPB2,0.084513729,0.667480057,0.063717637,0.97653429,0,0,0
ARF6,0.99393253,0.775655255,0.471625739,0.060920174,0,0,0
TKT,0.699971796,0.661871609,0.402094684,0.118121222,0,0,0
ETFDH,0.857536138,0.063812128,0.650124956,0.00293846,0,0,0
ARPC4,0.097075269,0.214833495,0.451558117,0.802819346,0,0,0
ILK,0.114010515,0.905591027,0.45977501,0.241700424,0,0,0
BAAT,0.125827584,0.969184719,0.409207609,0.844501234,0,0,0
MGST1,0.459928504,0.965253478,0.483147285,0.175218754,0,0,0
RPL14,0.9484474,0.738968385,0.519415542,0.069638787,0,0,0
SERPIND1,0.852754685,0.449183471,0.162029072,0.476104967,0,0,0
PSMB6,0.485527074,0.366600992,0.760375623,0.892448759,0,0,0
COMT,0.101392872,0.323619322,0.257737402,0.760883214,0,0,0
F2,0.705197975,0.847404366,0.052079765,0.927246319,0,0,0
RHOA,0.952540645,0.54780673,0.785573935,0.091207115,0,0,0
OGDH,0.689923372,0.687667977,0.221877635,0.08696188,0,0,0
ITIH2,0.329818288,0.021912305,0.593977245,0.72242537,0,0,0
ETFB,0.669482097,0.273970914,0.416140791,0.061727221,0,0,0
SLC25A3,0.743882299,0.557893186,0.332101663,0.230363123,0,0,0
RPL18,0.0718367,0.822474687,0.342548777,0.014966771,0,0,0
IGHV3-15,0.968299015,0.805389898,0.413772669,0.010496653,0,0,0
CAND1,0.573562619,0.648701258,0.853273472,0.744186863,0,0,0
RPS7,0.588990944,0.097400187,0.684888326,0.085493871,0,0,0
MAPRE1,0.934079666,0.568825345,0.32856137,0.127362273,0,0,0
AFM,0.345090077,0.040229701,0.137796319,0.010852666,0,0,0
STOM,0.803983966,0.081616337,0.099811915,0.860794532,0,0,0
HK1,0.119670107,0.931698155,0.354609171,0.039870232,0,0,0
MYH10,0.869368788,0.632287571,0.935766522,0.142495384,0,0,0
PIGR,0.561262333,0.558930392,0.152709834,0.189167839,0,0,0
LTA4H,0.109198794,0.97489741,0.384925833,0.71419959,0,0,0
GSTA2,0.538468455,0.295209186,0.076578004,0.756486441,0,0,0
RPL13A,0.05326491,0.256324454,0.437635497,0.294612805,0,0,0
HSPA5,0.993281382,0.512944971,0.901367936,0.405539984,0,0,0
EEF1B2,0.229702231,0.749367914,0.411324499,0.394112519,0,0,0
C4BPB,0.685504266,0.965510045,0.244620365,0.11460358,0,0,0
RPS9,0.105557184,0.504195883,0.624231477,0.034435674,0,0,0
CTSD,0.037427498,0.120876824,0.229102055,0.138411231,0,0,0
ADH6,0.871902591,0.050404649,0.45966805,0.042309932,0,0,0
HIBCH,0.690417324,0.475433563,0.09032085,0.271214339,1,0,0
APOC2,0.429586356,0.735215487,0.287100722,0.943319502,0,0,0
MVP,0.72207168,0.882544937,0.841303727,0.207240568,0,0,0
COX5A,0.840660304,0.960045477,0.878548898,0.355338393,0,0,0
CAPNS1,0.173301256,0.60012637,0.234909856,0.050927807,0,0,0
IGHV4-28,0.185174526,0.16039639,0.272210421,0.731533975,0,0,0
ANXA4,0.74355919,0.349791464,0.797522466,0.659114536,0,0,0
SFN,0.794315191,0.280516807,0.161870028,0.953700031,1,0,0
REEP5,0.08059763,0.550638192,0.076034646,0.755117652,0,0,0
PLEC,0.054115082,0.59477372,0.521979791,0.727756088,0,0,0
ACY1,0.384241556,0.248983046,0.239392486,2.57E-06,0,0,0
RPL21,0.229984567,0.092465974,0.911308148,0.237488508,0,0,0
PDLIM1,0.199007872,0.322230268,0.29054088,0.540788433,0,0,0
SERPINA1,0.011937633,0.012790363,0.162375576,0.000612696,0,0,0
PFKL,0.608926167,0.459944378,0.140099046,0.16148038,0,0,0
MAOB,0.757760182,0.409872354,0.977609793,0.039244102,0,0,0
COL12A1,0.950467266,0.343006325,0.439847475,0.431953439,0,0,0
IGKV4-1,0.652811714,0.836506123,0.391606724,0.230579791,0,0,0
DLAT,0.510225722,0.947050595,0.566881119,0.842806154,0,0,0
MDH2,0.011659906,0.833946632,0.227368602,0.043356687,1,1,0
HSD17B4,0.119697841,0.560033493,0.828748736,0.426803982,0,1,0
AGER,0.176300899,0.329710129,0.511080765,0.134177462,0,0,0
PON1,0.43308935,0.22943674,0.313553035,0.020612276,0,0,0
TMEM109,0.504030419,0.354704778,0.298233763,0.709043239,0,0,0
RPL7,0.465343347,0.468439596,0.658140856,0.00143893,0,0,0
RPL10A,0.31255815,0.575355567,0.918749682,0.132489284,0,0,0
PSMA1,0.081473885,0.112229563,0.29073191,0.198315702,0,0,0
CAPZA1,0.814232495,0.632254842,0.803847832,0.975140951,0,0,0
RTN4,0.617760677,0.000413422,0.841886132,0.588060403,0,0,0
DAK,0.20178238,0.282949504,0.323362944,0.057224893,0,0,0
PHB,0.17270194,0.776120645,0.147884959,0.746277261,0,0,0
1,0.495410617,0.242111453,0.900539237,0.660831784,0,0,0
PKM,0.729728364,0.109494209,0.269967903,0.95094552,0,0,0
CFHR1,0.474576337,0.523536222,0.823196163,0.000181218,0,0,0
HRSP12,0.782392335,0.894459789,0.443057574,0.255106496,0,0,0
PDIA3,0.038922737,0.152762802,0.362119096,0.379520868,0,0,0
PPIB,0.672284956,0.771164923,0.889093696,0.386431873,0,0,0
TNC,0.325872344,0.579014603,0.181364615,0.476577651,1,0,0
IDH1,0.565190347,0.004873355,0.637296149,0.234541175,0,0,0
RPL37A,0.324188054,0.213487364,0.636981554,0.25298487,0,0,0
C8G,0.9779805,0.448765839,0.51835915,0.182098825,1,0,0
HMGB1,0.431688154,0.532410148,0.360113791,0.343416138,0,0,0
DPP4,0.929488274,0.268112961,0.225323428,0.592899904,0,0,0
QPRT,0.219935408,0.564358404,0.050493623,0.023604927,0,0,0
HYOU1,0.204040785,0.943723508,0.692434951,0.086473056,0,0,0
FBP2,0.114206835,0.190803458,0.213592941,0.13932002,0,0,0
HP1BP3,0.237181551,0.653063422,0.416790257,0.030171573,1,0,0
MYL6,0.159737188,0.996717381,0.916780429,0.922348242,1,0,0
ERH,0.798947248,0.624792086,0.988014935,0.217598219,0,0,0
TF,0.027999066,0.168591685,0.18965172,0.145376162,0,0,0
HIST1H4A,0.790820327,0.558031394,0.953231276,0.453104372,0,0,0
SERPINC1,0.14903652,0.657935905,0.11366338,0.087392322,0,0,0
ARF4,0.478858449,0.081197276,0.181951609,0.3425096,0,0,0
RPS8,0.972867979,0.331908228,0.461702844,0.480057921,0,0,0
APOA2,0.687012545,0.363857608,0.068405739,0.314267422,0,0,0
APMAP,0.036692381,0.241901957,0.663016989,0.882385252,0,0,0
DYNC1H1,0.986038246,0.638828326,0.376247121,0.29403185,0,0,0
HIST1H1E,0.335507789,0.188573117,0.005107553,0.880834643,0,0,0
SH3BGRL3,0.674329646,0.125105602,0.532466908,0.128570541,0,0,0
PSMC5,0.746850948,0.471560504,0.46920541,0.300552361,0,0,0
CAP1,0.639191044,0.81901602,0.738039038,0.488736612,0,0,0
HBG2,0.662734267,0.253302496,0.863643656,0.046925316,0,0,0
CYP1A2,0.039631164,0.156341715,0.606430675,0.312161119,0,0,0
APCS,0.619837472,0.499048368,0.408637468,0.032971978,0,0,0
PSME1,0.037288801,0.637945946,0.935064529,0.907785807,0,0,0
HSD17B12,0.18106304,0.632808734,0.716542441,0.071261954,0,0,0
ST13P4,0.776584809,0.597046371,0.014812543,0.017138362,0,0,0
ARPC2,0.091999118,0.644005546,0.903919589,0.737473023,0,0,0
F13A1,0.191100009,0.951309242,0.395184179,0.511732649,0,0,0
VAPB,0.418856072,0.70153273,0.650848958,0.427346857,0,0,0
PEPD,0.015938676,0.035105779,0.026937682,0.335509489,0,0,0
PDIA6,0.14749876,0.669917536,0.018747444,0.745856207,0,0,0
MLEC,0.450441493,0.299701058,0.782398592,0.144407291,0,0,0
GMFB,0.344572578,0.744246365,0.308491912,0.40434638,0,0,0
RPL18A,0.342688298,0.11173033,0.143588367,0.646594156,0,0,0
CORO1A,0.285070617,0.178794416,0.323023524,0.358043027,0,0,0
CFB,0.955528593,0.554107855,0.941481719,0.071959232,0,0,0
TAGLN,0.618235209,0.227767915,0.329672835,0.38352964,0,0,0
GNA14,0.139417597,0.35313099,0.446242553,0.309002914,0,0,0
GLS,0.009673888,0.265991838,0.611757896,0.606926453,0,0,0
SPTBN1,0.109017077,0.668620707,0.765439567,0.389354103,0,0,0
IGHV4-61,0.789236938,0.666030516,0.684482804,0.675233401,0,0,0
PHGDH,0.356540176,0.131255956,0.385945287,0.022231717,0,0,0
HSPB1,0.029992641,0.394139868,0.138110545,0.262266274,0,0,0
PECR,0.239401994,0.247318933,0.720406702,0.382943761,0,0,0
RPS16,0.335790463,0.509349015,0.840118281,0.502910389,0,0,0
APOH,0.187508876,0.55271921,0.613755165,0.629934296,0,0,0
SEC61A2,0.412471586,0.350663602,0.97771031,0.301972683,0,0,0
RPS6,0.440359324,0.307261598,0.484162041,0.736223727,0,0,0
ABAT,0.371849069,0.597830428,0.467541759,0.957345401,0,0,0
FGG,0.650808363,0.152973398,0.662684449,0.000465091,0,0,0
PSMB1,0.68230058,0.509580697,0.502076243,0.258807775,0,0,0
SLC25A13,0.236530931,0.332578192,0.221452047,0.610189657,0,0,0
ANXA7,0.222873036,0.867771329,0.63536703,0.323769804,0,0,0
HSPA8,0.371286128,0.945909479,0.695140792,0.000371781,0,0,0
CNDP2,0.16996277,0.055682822,0.488760077,0.285244445,0,0,0
S100A6,0.576192465,0.461757933,0.830426036,0.904041142,0,0,0
MT1X,0.930111232,0.830212958,0.50801342,0.856926125,0,0,0
LGALS3BP,0.547697763,0.250032981,0.211789921,0.153309538,0,0,0
ACTR2,0.335002503,0.576066194,0.235938672,0.883586763,0,0,0
WARS,0.076999749,0.716472914,0.128920143,0.507516954,0,0,0
IQGAP2,0.892908258,0.440851962,0.603869337,0.546455379,0,0,0
H3F3A,0.87564839,0.135297131,0.196182668,0.699141925,0,0,0
PRKDC,0.083512796,0.459860913,0.067388989,0.694290908,0,0,0
AGT,0.801990583,0.775513612,0.200547811,0.344980097,0,0,0
HIST1H1C,0.933462684,0.336109152,0.625033437,0.423965412,0,0,0
LRPPRC,0.243501999,0.611158702,0.23201427,0.098265198,0,0,0
GYG1,0.470718983,0.427176187,0.43215935,0.082250875,0,0,0
CPN2,0.497438553,0.943186517,0.833369935,0.898538822,0,0,0
RPL24,0.294033288,0.924741615,0.963947105,0.236847664,0,0,0
SQRDL,0.300990374,0.297228634,0.866064144,0.271018934,0,0,0
ALDH3A2,0.815049593,0.164184088,0.712158287,0.79579374,0,0,0
CCT4,0.506733675,0.0671998,0.618036691,0.012351167,0,0,0
CALR,0.217288261,0.359303303,0.130419304,0.296163477,0,0,0
IGHV3-21,0.105592028,0.122527042,0.088937528,0.779498237,0,0,0
SAA4,0.650608342,0.634368258,0.280948527,0.477568986,0,0,0
ADH1B,0.61323595,0.488972762,0.368667958,0.119023902,0,0,0
CA2,0.081252722,0.135764212,0.469817445,0.176866317,0,0,0
SYNGR2,0.185939489,0.304423913,0.171968325,0.70022005,0,0,0
ACADS,0.165197278,0.445013896,0.790497132,0.896369165,0,0,0
PA2G4,0.611912505,0.784303232,0.850796554,0.105566939,0,0,0
ESYT1,0.940243651,0.556321439,0.558600485,0.161152033,0,0,0
NDUFS2,0.606021379,0.664382153,0.846392994,0.558736323,0,0,0
RAB11A,0.727874107,0.303278131,0.239899346,0.630046356,0,0,0
RPL9,0.890899544,0.748796027,0.681172075,0.297832722,0,0,0
SSBP1,0.431244463,0.963176899,0.842520897,0.098966984,0,0,0
FH,0.132267176,0.790227633,0.365241462,0.635116933,0,0,0
SLC25A1,0.18185501,0.215440886,0.387119997,0.131585334,0,1,0
HNMT,0.349732828,0.489556435,0.329414297,0.025084306,0,0,0
CAPN2,0.252732175,0.714900362,0.702857997,0.641956878,0,0,0
FBP1,0.229309849,0.016445333,0.084678999,0.178829725,0,0,0
MYO1D,0.309118097,0.667001045,0.706813799,0.942088604,0,0,0
ATP5G1,0.112968682,0.319092152,0.753420279,0.250907744,0,0,0
ATP6V1A,0.646323149,0.758262839,0.892281833,0.069641607,0,0,0
STIP1,0.307934632,0.911372134,0.531666884,0.401369702,0,0,0
IGLL5,0.843056329,0.370803313,0.104502354,0.128838938,0,0,0
SERPINH1,0.022393784,0.521822305,0.769119428,0.821491377,0,0,0
HSD11B1,0.179819526,0.404183738,0.559495033,0.092237984,0,0,0
PSMA5,0.010773815,0.164469623,0.349147635,0.920428696,0,0,0
CFH,0.911788626,0.547362233,0.085350054,0.165873006,0,0,0
HADHB,0.009334417,0.147470689,0.170160992,0.553476521,0,0,0
RPL30,0.977750381,0.172759529,0.810113792,0.875718027,0,0,0
GLDC,0.099003914,0.757353199,0.353432093,0.375188303,0,0,0
ATP1A1,0.086397701,0.311738264,0.518530849,0.416349468,0,0,0
AGXT,0.618302722,0.548114396,0.845838598,0.544532652,0,0,0
KPNB1,0.288302371,0.862744954,0.017493224,0.691361225,0,0,0
COL1A1,0.730200285,0.19996466,0.607176587,0.169433953,0,0,0
CCT7,0.698838934,0.346577265,0.977127004,0.160138681,0,0,0
ABCB9,0.064171515,0.044406601,0.005762114,0.000284223,0,0,0
HSD11B2,0.984729196,0.719612729,0.408874789,0.963927291,0,0,0
UGT2B4,0.318650142,0.409507279,0.782801341,0.431444466,0,0,0
RPS15A,0.491184447,0.239435604,0.054273279,0.228480959,0,0,0
CNN2,0.226911198,0.168974174,0.396698325,0.69326421,0,0,0
PSMB4,0.896850752,0.697881125,0.904760737,0.596451705,0,0,0
P4HB,0.595763492,0.863534798,0.1952723,0.318194032,0,0,0
DDOST,0.019386281,0.80611527,0.887686639,0.532684379,1,1,0
RPN2,0.027177945,0.030147008,0.295964984,0.443955315,0,0,0
STT3A,0.102719669,0.075380585,0.120252022,0.612546271,0,0,0
APEH,0.512971305,0.475185126,0.645283762,0.428302517,0,0,0
FLNC,0.567218587,0.797891435,0.651737318,0.154881845,0,0,0
HNRNPH3,0.112887471,0.561507326,0.800409447,0.10218434,0,0,0
TFG,0.867982684,0.281799352,0.227538442,0.52845003,0,0,0
RPL35A,0.313609088,0.063139048,0.079274551,0.061037227,0,0,0
FBN1,0.715930883,0.653377597,0.723624702,0.148959913,0,0,0
ACSL1,0.403917742,0.677079172,0.192372899,0.207091453,0,0,0
GRHPR,0.227106882,0.446351973,0.760663342,0.680933098,0,0,0
APOL1,0.332382768,0.473754545,0.560436568,0.08517975,0,0,0
EWSR1,0.855585574,0.091637991,0.502665995,0.436559377,0,0,0
IGHA1,0.019832753,0.911363459,0.976512944,0.73071995,0,1,0
SAA2,0.869644098,0.065765453,0.225323244,3.37E-07,0,0,0
MYH11,0.006868375,0.047009006,0.114408156,0.126826043,0,0,0
ITIH4,0.91906264,0.945575754,0.10002258,0.054908622,0,0,0
ILF3,0.799782439,0.118992213,0.840731923,0.31745527,0,0,0
UBA52,0.096719495,0.827467035,0.745830683,0.058123658,0,0,0
SEC61A1,0.900021347,0.782574402,0.528187825,0.108796232,0,0,0
CNN1,0.627814421,0.547624501,0.76164732,0.374036246,0,0,0
VDAC3,0.323291763,0.570642042,0.558750306,0.061242869,0,0,0
SORD,0.002223133,0.413276395,0.182825555,0.475568372,0,0,0
H2AFV,0.937390909,0.003047076,0.821530506,0.660412151,0,0,0
IGHM,0.70021192,0.103194524,0.069782605,0.754470813,0,0,0
EIF2S3L,0.477438223,0.578253859,0.666545148,0.551459305,0,0,0
NPM1,0.179748681,0.038345894,0.343990421,0.014605199,0,0,0
MTTP,0.092699359,0.617553811,0.326716055,0.474456697,0,0,0
PPA2,0.399364537,0.991740225,0.407662525,0.932782897,0,0,0
SUCLA2,0.547605565,0.112189229,0.945252959,0.055225718,1,0,0
RAB14,0.512488753,0.254168281,0.480491583,0.492646514,0,0,0
GCDH,0.06390242,0.217154827,0.099422001,0.736901614,0,0,0
PGD,0.051001667,0.244928695,0.352765546,0.323475096,0,0,0
DSTN,0.009016552,0.159973347,0.082073963,0.503044693,0,0,0
HBB,0.005857701,0.039744211,0.105887509,0.024661508,0,0,0
SNRPD3,0.006682074,0.869505864,0.13241393,0.171323545,0,0,0
COL18A1,0.485640653,0.490176952,0.456627727,0.884712456,0,0,0
EPX,0.939959454,0.575126041,0.956739749,0.118888938,0,0,0
HBD,0.131161146,0.11185395,0.791580629,0.270713766,0,0,0
SCP2,0.013922606,0.49949621,0.716361094,0.147501393,0,0,0
ACO2,0.506532319,0.126490506,0.887541013,0.315056384,0,0,0
AKR1A1,0.660264423,0.801474864,0.667744756,0.738913502,0,0,0
GSTO1,0.437564237,0.084994781,0.22672484,0.407919517,0,0,0
HIST1H1B,0.480417779,0.426462642,0.147893327,0.00167264,0,0,0
SCARB2,0.021876198,0.228220517,0.073205313,0.092621535,0,0,0
RPS25,0.706665379,0.278937999,0.863179527,0.000101719,0,0,0
CA1,0.851126605,0.068800199,0.297658054,0.042676486,1,0,0
LPP,0.65109434,0.605630101,0.664426925,0.974994047,0,0,0
KLKB1,0.649361064,0.566658258,0.660703779,0.739293806,0,0,0
CALD1,0.944208124,0.505998013,0.689921987,0.146322465,0,0,0
WDR11,0.41518856,0.152326331,0.34409106,0.447651347,0,0,0
LMAN1,0.28988602,0.498555204,0.674236268,0.079973868,0,0,0
TUBB,0.846583687,0.537713342,0.574949384,0.29355225,0,0,0
NCL,0.251269779,0.108614338,0.412666246,0.020853443,0,0,0
ASPN,0.58331247,0.327311797,0.195792843,0.40464709,0,0,0
H1FX,0.671276957,0.807497578,0.023838546,0.910729637,0,0,0
RPS4Y2,0.370773805,0.263870509,0.295194493,0.302488493,0,0,0
IMMT,0.108623335,0.433407469,0.245208447,0.300566807,0,1,0
HNRNPD,0.311630452,0.835107205,0.669219121,0.785791088,0,0,0
DPYSL2,0.195240626,0.785024326,0.868381351,0.264674376,0,0,0
HSD17B11,0.608944415,0.014241694,0.050871819,0.848736731,0,0,0
NOP56,0.080094365,0.244810095,0.801302965,0.96876375,0,0,0
BPIFB1,0.227545309,0.234731455,0.833797463,0.482387356,0,0,0
SLC25A4,0.168874434,0.92988762,0.304996969,0.754773261,0,0,0
ACTB,0.546507798,0.137445541,0.932024082,0.99658083,1,0,0
IGHV3-72,0.950640515,0.770958212,0.246301266,0.064197355,0,0,0
COX7A2,0.175979234,0.684312497,0.494206243,0.691206267,0,0,0
AOX1,0.001111823,0.080292977,0.104473509,0.184686545,0,0,0
TALDO1,0.196869961,0.396771104,0.802741537,0.793740737,0,0,0
PARK7,0.233860459,0.802536742,0.975883086,0.972869508,0,0,0
RAC1,0.033807702,0.930553638,0.019058658,0.669716349,0,0,0
ACADVL,0.150654918,0.555467698,0.672201178,0.047214562,0,0,0
EPB41L2,0.016463302,0.380898814,0.603470131,0.018119458,0,0,0
GPLD1,0.051208879,0.479922226,0.047665406,0.76365871,0,0,0
GNAI1,0.8139875,0.120282876,0.152665987,0.132467474,0,0,0
DLD,0.912355414,0.603987501,0.563578132,0.739402811,0,0,0
ATP5C1,0.603575462,0.945650233,0.562878466,0.547908724,0,0,0
ACOX2,0.826115882,0.36993744,0.955579384,0.160397301,0,0,0
ANXA6,0.180209915,0.291624679,0.358664991,0.887032612,0,0,0
UQCR10,0.045371443,0.293807498,0.43798165,0.850084046,0,0,0
HADH,0.025446538,0.515727641,0.082033936,0.290082063,0,0,0
RPL17,0.422842397,0.197926771,0.683091352,0.577596962,0,0,0
HIBADH,0.043688917,0.976313123,0.195433273,0.788099293,0,0,0
GSTP1,0.476820033,0.18860837,0.984007232,0.057314023,0,0,0
ITGA3,0.656793677,0.38880261,0.792227482,0.228735632,0,0,0
ACOX1,0.125681349,4.15E-06,0.217761821,0.866353877,0,0,0
GC,0.486995708,0.628022086,0.718572144,0.823689316,0,0,0
IVD,0.48990968,0.435199263,0.748436734,0.225048855,0,0,0
RDH16,0.540336532,0.809973574,0.297981522,0.615065748,0,0,0
HIST1H2BM,0.929830922,0.545365509,0.866323973,0.639465753,0,0,0
TPM4,0.237512936,0.818527233,0.613687711,0.058004521,0,0,0
LAMP1,0.825543477,0.923263375,0.260264858,0.556560353,0,0,0
COPB1,0.068492856,0.787481587,0.898303386,0.139690038,0,0,0
H2AFY,0.596199885,0.7047457,0.337754065,0.469845785,0,0,0
PTGR1,0.447725787,0.283195406,0.461960235,0.186968727,0,0,0
IGLV8-61,0.290923416,0.080207061,0.288047293,0.649070694,0,0,0
CTSB,0.776260396,0.936532649,0.986445808,0.855597614,0,0,0
RPS2,0.635107358,0.744029563,0.67503469,0.084325418,0,0,0
DPYSL3,0.639835964,0.002102802,0.795328131,0.056183389,0,0,0
VIL1,0.619685459,0.749549778,0.59132327,0.23465526,0,0,0
SNX3,0.838108994,0.283501049,0.016441018,0.839798046,0,0,0
SEC31A,0.808782407,0.324464074,0.546539845,0.225489781,0,0,0
DCN,0.592664342,0.630800342,0.590032201,0.623096188,0,0,0
SERPING1,0.19522653,0.771301072,0.762545136,0.935201597,0,0,0
NONO,0.841410157,0.913089693,0.283009077,0.510079933,0,0,0
LRG1,0.665855471,0.005561735,0.089223459,4.12E-09,0,0,0
FMO5,0.386504362,0.864481712,0.333289811,0.811100647,0,0,0
PSMB3,0.408764772,0.323499524,0.271958443,0.237098208,0,0,0
CTSS,0.121425923,0.293404978,0.273677693,0.044393027,0,0,0
UQCRC1,0.710865556,0.001901779,0.980456123,0.796802836,0,0,0
PRKACB,0.339492082,0.857205582,0.513014631,0.548315339,0,0,0
IGHV3-73,0.433097223,0.64059568,0.643492295,0.267059367,0,0,0
GNAI2,0.567660525,0.551202339,0.454011652,0.246330703,0,0,0
AKR7L,0.975532384,0.812553851,0.657645606,0.217146377,0,0,0
OGN,0.142161106,0.583739778,0.364292657,0.950382015,0,0,0
HNRNPU,0.930585196,0.118466184,0.492022121,0.660915874,0,0,0
EEF1A1P5,0.04951672,0.583787676,0.369389307,0.174193522,0,0,0
LAMA5,0.530943064,0.821410324,0.415362867,0.498013643,0,0,0
FHL1,0.210077694,0.651135416,0.762356817,0.938237038,0,0,0
ATP5D,0.6665061,0.074081918,0.704779706,0.711989772,0,0,0
MYH9,0.683875322,0.816495657,0.325699954,0.002261489,0,0,0
CD9,0.35360612,0.851934981,0.810993792,0.90486942,0,0,0
AHNAK,0.51756206,0.471831579,0.800167574,0.211772576,0,0,0
ECI1,0.829763866,0.442131694,0.72883003,0.712105802,0,0,0
ECH1,0.016300424,0.622425245,0.134515928,0.383060573,0,0,0
PBLD,0.538815142,0.798685715,0.478113098,0.805168311,0,0,0
ENO1,0.759205564,0.363755148,0.264209169,0.83029389,0,0,0
IGHG2,0.666662817,0.509298466,0.84478968,0.274262825,0,0,0
CP,0.10295832,0.791782836,0.309220578,0.080051531,0,0,0
ACAT1,0.151801348,0.449779985,0.067950453,0.964876688,0,0,0
GSS,0.230472554,0.991172947,0.98858136,0.15634544,0,0,0
FGB,0.253055919,0.338709883,0.568774161,0.000137615,0,0,0
PRKCSH,0.199731437,0.978793218,0.686212042,0.054320407,0,0,0
HLA-DRB1,0.007670489,0.559816963,0.087446385,0.082674593,0,0,0
RPS12,0.872151965,0.581652708,0.246496085,0.402214901,0,0,0
RAB7A,0.836195588,0.584294983,0.500412309,0.289212647,0,0,0
HMGN1,0.563273427,0.623308475,0.292791433,0.296595721,0,0,0
EIF3B,0.61633309,0.323156633,0.527675556,0.365318351,0,0,0
FUBP1,0.774290629,0.282942796,0.473526771,0.492378421,0,0,0
2,0.988631284,0.121171283,0.610977226,0.356916972,0,0,0
C4BPA,0.885853867,0.236135159,0.529314145,0.047759888,0,0,0
YWHAH,0.939751773,0.193022966,0.511711493,0.778709647,0,0,0
CLTC,0.128848766,0.861342239,0.855508962,0.229882643,0,0,0
ADIRF,0.073537513,0.712657976,0.499984615,0.869067078,0,0,0
KDELR2,0.009032613,0.019324882,0.072704376,0.105596856,0,0,0
APOD,0.322997874,0.908161846,0.82532929,0.127878183,0,0,0
PRDX5,0.303369859,0.360627924,0.961831427,0.972277091,0,0,0
RPL5,0.584918545,0.881141534,0.993920793,0.554090223,0,0,0
PHB2,0.257132006,0.639889241,0.484596254,0.570766633,0,0,0
C1QB,0.24774608,0.512087799,0.255478865,0.567602482,0,0,0
PSMC2,0.003899979,0.393385159,0.322847765,0.356279708,0,0,0
LSS,0.808191113,0.508856411,0.215993072,0.088012358,0,0,0
LDHB,0.5793078,0.704674364,0.968692896,0.414638771,0,0,0
C3,0.266321093,0.257721059,0.215918946,0.11267315,0,0,0
COL14A1,0.755371048,0.611715492,0.559055871,0.618328838,0,0,0
ALDH9A1,0.169690565,0.992569323,0.612474386,0.103718912,0,0,0
4,0.065012686,0.856514328,0.991113348,0.273615263,0,0,0
ATP5O,0.942321557,0.555451441,0.768052168,0.374205634,0,0,0
APOA4,0.672220636,0.804421517,0.259007628,0.217481363,0,0,0
ARG1,0.936511729,0.397750533,0.820918295,0.396981872,0,0,0
ARPC1B,0.181015802,0.990768683,0.443997612,0.736679044,0,0,0
PRDX6,0.871336346,0.20634631,0.223399391,0.584918113,0,0,0
GPX3,0.492593305,0.763481308,0.263902683,0.686126111,0,0,0
LIMS1,0.287948586,0.539261534,0.957374104,0.891197292,0,0,0
NDUFV1,0.817533173,0.838148604,0.959967782,0.6848111,0,0,0
PDZK1,0.551093472,0.103749748,0.241900441,0.542101761,0,0,0
ANPEP,0.138860862,0.234683663,0.455611224,0.092378046,0,0,0
ACTN1,0.28178507,0.231768846,0.45718335,0.232256123,0,0,0
TUFM,0.147173927,0.637228352,0.402048484,0.370531235,0,0,0
FTCD,0.217785841,0.237246977,0.051782423,0.099874651,0,0,0
HNRNPA0,0.032437191,0.763202654,0.805860282,0.315452051,0,0,0
ACTG2,0.218226851,0.829477455,0.531674571,0.68186423,1,0,0
VCL,0.792316674,0.914238242,0.309431691,0.02839949,0,0,0
CYFIP1,0.183388374,0.226157692,0.272151799,0.30556224,0,0,0
EEF2,0.94850944,0.220714121,0.682245597,0.49442676,0,0,0
IGHV3-74,0.261197281,0.676421742,0.846213134,0.059689236,0,0,0
KNG1,0.186204337,0.716353272,0.923848,0.512137774,0,0,0
RAB1A,0.384441422,0.186819363,0.38553416,0.093952962,0,0,0
PNMA2,0.994193343,0.68238587,0.959979838,0.868443916,0,0,0
RPL28,0.152344173,0.045382878,0.121526675,0.686398038,0,0,0
PSMD3,0.684282568,0.702836742,0.324418845,0.645499735,1,0,0
HSPD1,0.029659852,0.229856797,0.091328652,0.416258632,0,0,0
YWHAB,0.849382459,0.144392772,0.546201912,0.656288646,0,0,0
UBE2V1,0.826248438,0.190314231,0.88358712,0.726523182,0,0,0
HPD,0.953705528,0.96072387,0.530043007,0.304424286,0,0,0
PEBP1,0.012839484,0.993610265,0.245183868,0.326824312,0,0,0
SNRPN,0.287077605,0.115590596,0.228455977,0.571573187,0,0,0
MGST2,0.000470879,0.323328445,0.227522156,0.382640618,0,0,0
GOT2,0.229534154,0.625789008,0.657229613,0.789134032,0,0,0
ALDH7A1,0.634069396,0.75508916,0.803332113,0.191101739,0,0,0
ACAT2,0.284202913,0.325446773,0.799952003,0.2552725,0,0,0
PADI2,0.692652252,0.491443113,0.86882264,0.074468159,0,0,0
LDHA,0.320411213,0.734734633,0.607465626,0.213677333,0,0,0
GPX1,0.2374092,0.744097374,0.155046472,0.295957761,0,0,0
CTH,0.850968338,0.737503907,0.656648474,0.386598857,0,0,0
HNRNPCL4,0.864704661,0.546624534,0.814646071,0.779644152,0,0,0
PRELP,0.596504464,0.31986338,0.406656607,0.398457868,0,1,0
ANXA11,0.924356154,0.566435931,0.282184634,0.628576551,0,0,0
BDH2,0.565176405,0.981741335,0.596594961,0.731043827,0,0,0
VAT1,0.688103109,0.215329104,0.28114407,0.518857777,0,0,0
RPL12,0.347102507,0.476216665,0.08784551,0.002337981,0,0,0
LPA,0.944765738,0.796453276,0.040551142,0.285279769,0,0,0
OTC,0.649031613,0.891054909,0.650439166,0.05314273,0,0,0
GALM,0.103923939,0.911118469,0.412850805,0.39091403,0,0,0
RPL27A,0.869825173,0.419426304,0.390135228,0.02177649,0,0,0
VKORC1,0.678943521,0.98323189,0.782967034,0.251907823,0,0,0
SAMHD1,0.395703766,0.980021772,0.299651236,0.78778976,0,0,0
F9,0.445960335,0.29800643,0.546953856,0.180985626,0,0,0
HSD17B13,0.587145142,0.902035154,0.942909404,0.383432162,0,0,0
PDHB,0.033697292,0.642745259,0.430156248,0.224155015,0,0,0
CRYZ,0.82565905,0.587037622,0.846106089,0.073306871,0,0,0
PARVA,0.965471689,0.458604891,0.514219722,0.381781559,0,0,0
PRDX3,0.16304622,0.205929164,0.202470459,0.271055548,0,0,0
PSMA7,0.403833916,0.848857333,0.542388146,0.401948211,0,0,0
PAFAH1B1,0.475523027,0.33392054,0.997096482,0.324365844,0,0,0
HNRNPA1L2,0.395073786,0.811166347,0.483379556,0.120094031,0,0,0
LMNA,0.386400169,0.224407088,0.143287967,0.125662274,0,0,0
HLA-A,0.685697825,0.677139947,0.610267493,0.829530023,0,0,0
TCP1,0.000515244,0.528095604,0.841801241,0.242155025,0,0,0
CKB,0.585886543,0.906062662,0.687456979,0.219321284,0,0,0
ARF1,0.477370196,0.894862196,0.468938754,0.535642577,0,0,0
SRSF7,0.393227058,0.116784686,0.488037483,0.562559941,0,0,0
C2,0.236750471,0.136663818,0.260181371,0.921872664,0,0,0
CDH17,0.635852231,0.670861595,0.107195757,0.323998487,0,0,0
RPS18,0.451890833,0.277714143,0.254143649,0.897087852,1,0,0
DIRAS2,0.281025317,0.497983284,0.69517044,0.621215657,0,0,0
MYLK,0.124726931,0.379183469,0.891746045,0.380187398,1,0,0
NUDT21,0.705224757,0.757006467,0.657037525,0.816989146,0,0,0
ADARB1,0.644980356,0.296857268,0.638919524,0.634073166,0,0,0
PRG4,0.702502892,0.319800299,0.933779213,0.074780138,0,0,0
FLNB,0.013909765,0.250457206,0.872482818,0.020131687,0,0,0
S100A11,0.203576821,0.499775358,0.418430263,0.996346819,0,0,0
A2M,0.001370379,0.00686733,0.009871252,0.038751263,0,0,0
SAE1,0.039259228,0.250938831,0.213941805,0.446910791,0,0,0
RTN1,0.205194459,0.808923534,0.785004981,1.89E-09,0,0,0
HOGA1,0.766812314,0.980964573,0.845710701,0.103279942,0,0,0
HSPE1,0.63356895,0.426640524,0.646584568,0.579446474,0,0,0
GHITM,0.698773224,0.498077394,0.813710053,0.870465725,0,0,0
ADH5,0.507856037,0.553122281,0.513296486,0.013291003,0,0,0
GDI1,0.755631677,0.891679301,0.87200152,0.890853708,1,0,0
IGHG3,0.378029749,0.316383732,0.721043498,0.117876981,0,0,0
MIF,0.283993043,0.108815122,0.973841022,0.204456574,0,0,0
HIST2H3A,0.01362104,0.985348117,0.685079519,0.19163437,0,0,0
CS,0.583026112,0.952133757,0.880308774,0.608142648,0,0,0
BLM,0.518151019,0.160181925,0.2369068,0.211530167,1,0,0
METTL7A,0.86089567,0.532203022,0.627438734,0.86877599,0,0,0
PGM1,0.882249245,0.691340102,0.141063015,0.107676556,0,0,0
F12,0.277281497,0.220075179,0.583127725,0.223883248,0,0,0
RPL22,0.259671937,0.692133295,0.395906759,0.494584059,0,0,0
RPL29,0.455171358,0.304939698,0.874316101,0.043572114,0,0,0
LGALS4,0.353289497,0.246238478,0.616968137,0.604064477,0,0,0
HSP90B1,0.835849478,0.61606409,0.375468635,0.03052099,0,0,0
ABHD14B,0.295535336,0.343912592,0.136843925,0.835359755,0,0,0
CCT3,0.685479193,0.544463321,0.43690214,0.5348075,0,0,0
GLO1,0.135644436,0.666117583,0.79169951,0.523335031,0,0,0
LMNB1,0.174706557,0.693358411,0.724064395,0.902247805,0,0,0
COPB2,0.656262685,0.30024625,0.29389467,0.816289317,0,0,0
TAGLN2,0.604100849,0.232283462,0.515849704,0.154740366,0,0,0
FABP3,0.16861645,0.370909396,0.330044438,0.57615917,0,0,0
C5,0.179590734,0.847074543,0.090252097,0.208159152,0,0,0
NUTF2,0.891419033,0.405804543,0.853154404,0.505100171,0,0,0
HNRNPL,0.524857066,0.472078597,0.514982116,0.484197305,0,0,0
DLST,0.434049,0.750350678,0.789285194,0.402464033,0,0,0
GSTK1,0.140965053,0.403611572,0.318514581,0.70066584,0,0,0
PCBP1,0.457927216,0.25048389,0.372974347,0.238622211,0,0,0
LGALS3,0.577485123,0.433571667,0.327008915,0.661948148,0,0,0
C1S,0.699029994,0.120613444,0.770606299,0.152921057,0,0,0
COL6A3,0.237933249,0.37996591,0.396903965,0.512156184,0,0,0
CLU,0.362649283,0.408527707,0.79409636,0.08359072,0,0,0
IGKV3D-15,0.53541226,0.038495404,0.494889775,0.134388556,0,0,0
ACSM2B,0.337945585,0.423481603,0.579436635,0.368125229,0,0,0
SLC25A5,0.678015416,0.955849494,0.198580448,0.590909912,0,0,0
PF4,0.834466363,0.389023505,0.586051317,0.015573511,0,0,0
LAP3,0.833082302,0.668579138,0.547188087,0.044559484,0,0,0
SUMO4,0.916194382,0.036002859,0.08995382,0.322268343,0,0,0
EHHADH,0.368326805,0.995434695,0.645897827,0.376369497,0,0,0
MFAP4,0.243595216,0.410586766,0.21691064,0.508780574,0,0,0
LCP1,0.130901678,0.064255483,0.973457096,0.640117222,0,0,0
CTNNA1,0.32980643,0.154912863,0.358523717,0.135216555,0,0,0
APRT,0.502702239,0.069855887,0.020167082,0.838999845,0,0,0
SUCLG1,0.694541919,0.33301407,0.300594624,0.808520245,0,0,0
HNRNPM,0.650735822,0.777221221,0.904977075,0.138286922,0,0,0
SULT1A2,0.231854985,0.56024364,0.529913681,0.382786457,0,0,0
PGM2,0.671418964,0.862232242,0.0752786,0.634777911,0,1,0
EIF5A2,0.934109051,0.657369315,0.944880087,0.768029086,0,0,0
PPP2R1A,0.44714045,0.795728016,0.380084916,0.473532637,0,0,0
CTNNB1,0.872455046,0.96017665,0.267873397,0.805372225,0,0,0
AGMAT,0.185204239,0.413883764,0.092410217,0.062538695,0,0,0
ANXA3,0.084952203,0.79889911,0.745993738,0.1781439,0,0,0
PGK1,0.159997276,0.128875269,0.580146786,0.093596733,0,0,0
LUM,0.267746879,0.687644996,0.749850422,0.958130569,0,0,0
ACTG1,0.823474443,0.782026821,0.251428565,0.663475414,0,0,0
HNRNPA2B1,0.047892482,0.097017163,0.363012951,0.856810242,0,0,0
PCBP2,0.377403949,0.290074363,0.99735296,0.419271155,0,0,0
IGLV3-10,0.183170678,0.822673205,0.869190672,0.447077212,0,0,0
SULT2A1,0.227420839,0.067846152,0.847494424,0.099988961,0,0,0
ALDH1L1,0.10343311,0.99359726,0.067275894,0.171745747,0,0,0
SFPQ,0.767570134,0.319164098,0.319774622,0.624708599,0,0,0
IGKV2D-28,0.15685549,0.263098928,0.445316218,0.61369706,0,0,0
AKR1C4,0.200674934,0.256004351,0.314840138,0.541092466,0,0,0
C1R,0.637222482,0.63113252,0.899900973,0.591459859,0,0,0
DECR1,0.896009752,0.955363184,0.042627812,0.978480982,0,0,0
UTS2,0.436340985,0.286950473,0.968678167,0.861536456,0,0,0
CBR3,0.381063101,0.809192871,0.949415586,0.615303843,0,0,0
APOE,0.345914644,0.83392183,0.78144695,0.062045076,0,0,0
TGFBI,0.477466282,0.897361714,0.936311943,0.253269774,0,0,0
TPM3,0.216350894,0.733484944,0.683638921,0.631367914,0,0,0
COTL1,0.156670041,0.188603129,0.558969595,0.838489604,0,0,0
TSN,0.906432567,0.720222484,0.598622273,0.886487538,0,0,0
DAD1,0.467998439,0.31203126,0.352182185,0.292577957,0,0,0
CPN1,0.978740211,0.927712712,0.793107294,0.420866396,0,0,0
FGA,0.810864701,0.502249927,0.711359582,0.20709503,0,0,0
CBR1,0.626121356,0.252166496,0.67479153,0.14878137,0,0,0
RAD23B,0.585404313,0.918998764,0.172684943,0.107948513,0,0,0
SHMT2,0.329477897,0.564982518,0.768517977,0.205995702,0,0,0
COQ9,0.989089173,0.625153031,0.225253325,0.170094256,0,0,0
ATP1B1,0.829638425,0.670512833,0.44838486,0.057254183,0,0,0
UGT2B7,0.902023253,0.648056971,0.724393413,0.905209657,0,0,0
C8B,0.886521274,0.626427713,0.783940859,0.282380301,0,0,0
MYADM,0.712479777,0.631898593,0.410776337,0.52361018,0,0,0
AHSG,0.03502859,0.060062925,0.121169986,0.000773304,0,0,0
CD59,0.166998554,0.593343149,0.44984788,0.241313409,0,0,0
DDAH1,0.111554737,0.270195917,0.799983996,0.888133425,0,0,0
PPIA,0.398392615,0.977849866,0.80715216,0.25522959,0,0,0
COX6C,0.52164877,0.419313021,0.469277546,0.19386217,0,0,0
RPSA,0.45957344,0.331751377,0.260960398,0.086443891,0,0,0
C4A,0.922182133,0.245405965,0.115610623,0.107955922,0,0,0
PDIA4,0.990538891,0.029237766,0.175525399,0.545042232,0,0,0
BCAP31,0.629279782,0.310253044,0.706227672,0.136244523,0,0,0
S100A8,0.408607731,0.755354415,0.917213415,0.369828394,0,0,0
HIST1H1D,0.650306025,0.071117439,0.504757675,0.14114527,0,0,0
RAB2A,0.866147585,0.450290671,0.365856888,5.86E-11,0,0,0
ABCF1,0.025369567,0.542784948,0.291052035,0.205022438,0,0,0
RPL6,0.399989641,0.092899644,0.241301833,0.21351566,0,0,0
ITIH3,0.592477538,0.85459591,0.625386,0.017697922,0,1,0
AKR1C1,0.352261114,0.792611403,0.154523014,0.181676091,0,0,0
AKR1D1,0.913585733,0.491554714,0.314935835,0.315316856,0,0,0
SUCLG2,0.015899501,0.068134878,0.383080834,0.173716018,0,0,0
LRP2,0.680841171,0.486979108,0.453326036,0.132463995,0,0,0
NPC2,0.338201279,0.246781772,0.015737186,0.059789982,0,0,0
LGALS1,0.955664737,0.391478425,0.332221559,0.493236149,0,0,0
A1BG,0.522118015,0.658543271,0.933113406,0.091383146,0,0,0
HSD17B10,0.001129246,0.092195739,0.181034449,0.011169083,0,0,0
PSMD13,0.610211394,0.668139406,0.867050476,0.486255071,0,0,0
PCCB,0.539983176,0.169985527,0.864570397,0.586410752,0,0,0
ANXA2,0.224725856,0.708099348,0.477709708,0.073005864,0,0,0
ITGB1,0.21447556,0.980050833,0.501403427,0.732642432,0,0,0
FKBP1A,0.572606953,0.418894857,0.486033443,0.091064767,0,0,0
TUBB4B,0.071942394,0.194113116,0.853546883,0.297396281,0,0,0
CYB5R3,0.119850024,0.369633082,0.031016469,0.923152381,0,0,0
KRT18,0.51654408,0.861734624,0.960542111,0.772946716,0,0,0
NDUFA9,0.450029714,0.511109006,0.659126312,0.436617116,0,0,0
CYB5A,0.264752711,0.320347208,0.806040763,0.612232345,0,0,0
HP,0.040716265,0.112194171,0.679933877,5.33E-08,0,0,0
HSPG2,0.650478073,0.906315319,0.533011861,0.741683584,0,0,0
GLUD1,0.109167578,0.482864682,0.968994809,0.660438958,0,0,0
FBLN1,0.981834616,0.069077231,0.224957495,0.994287381,1,0,0
RPL4,0.567483744,0.185388883,0.0528427,0.300465304,0,0,0
PTMS,0.537600203,0.864321567,0.627194528,0.174546021,0,0,0
F10,0.410763502,0.121472247,0.967486986,0.667687521,0,0,0
SHMT1,0.702298874,0.09436611,0.822027094,0.297808598,0,0,0
MYOF,0.600664848,0.536378652,0.469992755,0.874699636,0,0,0
VDAC1,0.457889126,0.079927774,0.650007232,0.452068293,0,0,0
PCK2,0.778216307,0.469665135,0.599834155,0.072301346,0,0,0
ASL,0.031027913,0.815983662,0.209704269,0.866764202,0,0,0
TXN,0.857379284,0.336768406,0.626191262,0.178142563,0,0,0
ECI2,0.900005122,0.213489326,0.172596858,0.215206595,0,0,0
PGM5,0.279640226,0.684384489,0.31411232,0.481284952,0,0,0
SEC22B,0.576775602,0.04335613,0.98958623,0.44116071,0,0,0
ERP29,0.656119524,0.532008015,0.807979178,0.678471274,0,0,0
GNB1,0.519674138,0.951072729,0.447340592,0.520664623,0,0,0
VDAC2,0.256144825,0.385513426,0.364030457,0.053936552,0,0,0
PSMB9,0.115877361,0.745116462,0.435615444,0.94615171,0,0,0
IGHA2,0.198898433,0.577559409,0.421392791,0.474023787,0,0,0
FCGBP,0.304782525,0.900697685,0.686110486,0.413411502,0,0,0
IGHG1,0.652369674,0.620319793,0.833119486,0.72102102,0,0,0
SNX5,0.573869283,0.886098969,0.345083928,0.824658921,0,0,0
EPHX1,0.705729995,0.621567575,0.822478086,0.831697238,0,0,0
HLA-DRA,0.448784404,0.19483723,0.419165426,0.365096594,0,0,0
HMGCL,0.636882413,0.21836269,0.940794692,0.142972608,0,0,0
TPM1,0.701499858,0.29770497,0.32290281,0.738005902,0,0,0
C11orf54,0.746724109,0.750957669,0.850637951,0.505660584,0,0,0
ATP5H,0.445857031,0.868715464,0.47802194,0.390259209,0,0,0
C8A,0.611193775,0.278321255,0.92512111,0.83340245,0,0,0
FABP1,0.735763282,0.396873977,0.327722671,0.976681409,0,0,0
TYMP,0.210291437,0.377534917,0.928044969,0.231386853,0,0,0
NUCKS1,0.663118379,0.099939163,0.260530165,0.344090371,0,0,0
GAPDH,0.50937616,0.098180997,0.337088022,0.71616069,0,0,0
TGM2,0.214530782,0.912378497,0.448018637,0.010931871,0,0,0
CCT6A,0.806267285,0.867362503,0.746692245,0.503833153,0,0,0
EHD2,0.532864924,0.840488956,0.95673625,0.915269454,0,0,0
FN1,0.116496177,0.487805565,0.079838431,0.230988452,0,0,0
RPL13,0.231464833,0.208081608,0.027814925,0.082715633,0,0,0
PGAM1,0.025193501,0.176040493,0.369424293,0.438823104,0,0,0
RPL11,0.797300518,0.432065018,0.696933648,0.789151816,0,0,0
CAPG,0.055851548,0.549781289,0.220453513,0.254202613,0,0,0
SLC25A11,0.961070627,0.367031891,0.619505745,0.28336126,0,0,0
BZW1,0.153112897,0.939604831,0.770853952,0.192265195,0,1,0
TFRC,0.342519295,0.188667054,0.926149437,0.708574387,0,0,0
RPS3,0.442866971,0.401714944,0.445842048,0.057163124,0,0,0
RAB10,0.514708522,0.06507996,0.249422417,0.104849003,0,0,0
NUDT5,0.853010182,0.460336929,0.588329947,0.534203762,0,0,0
GGT5,0.865067966,0.669217444,0.76662418,0.623213611,0,0,0
UQCRC2,0.507381042,0.792590118,0.358695027,0.478078588,0,0,0
C1QA,0.106133894,0.252882372,0.921274009,0.618164028,0,0,0
DEFA3,0.570453418,0.411487829,0.611837673,0.984368224,0,0,0
CMBL,0.244719536,0.280293588,0.646990844,0.449969942,0,0,0
SERPINA3,0.438359379,0.002966194,0.27309398,1.05E-12,0,0,0
PZP,0.93729952,0.783364352,0.676865042,0.886398806,0,0,0
HSPA1B,0.508604258,0.637153656,0.549960775,0.399811723,0,0,0
ALDH6A1,0.984402524,0.801961311,0.947735489,0.42132743,0,0,0
SLC25A20,0.406061227,0.650614562,0.957448896,0.900476002,0,0,0
CFI,0.220888316,0.252698104,0.088487735,0.466806185,0,0,0
ATRN,0.488739991,0.208132899,0.813236425,0.078177321,0,0,0
PLP2,0.068774279,0.035521329,0.158139855,0.368854478,0,0,0
HNRNPK,0.625503147,0.42572044,0.109465992,0.078822502,0,0,0
SDHA,0.968764748,0.413092465,0.706658106,0.274952767,0,0,0
TUBA1C,0.29196014,0.05708332,0.189478736,0.101473279,0,0,0
FDPS,0.63041594,0.155234694,0.26992991,0.410579988,0,0,0
IQGAP1,0.064347864,0.921025183,0.662894262,0.338176987,0,1,0
CSTB,0.850778059,0.40168434,0.865518267,0.473302949,0,0,0
CFL1,0.147440492,0.984410169,0.811047966,0.24406183,0,0,0
PRDX1,0.785678457,0.477349303,0.419674957,0.962810379,0,0,0
LMAN2,0.855268943,0.570123825,0.390202332,0.353254207,0,0,0
ALDOA,0.250755458,0.476343166,0.869825199,0.134495851,0,0,0
DNPEP,0.245586505,0.334996408,0.645252653,0.746491776,0,0,0
SRP9,0.233456143,0.28182071,0.267615461,0.333315331,0,0,0
FMO3,0.558209234,0.860205821,0.755962358,0.819493899,1,0,0
GANAB,0.176344253,0.217888482,0.827413504,0.228025029,0,0,0
IGHV1-18,0.337716095,0.260377345,0.827670108,0.093457849,0,0,0
WDR1,0.802380976,0.237052592,0.550935337,0.983553423,0,1,0
LAMC1,0.277210765,0.516600343,0.51844761,0.03402043,0,0,0
BGN,0.429596058,0.939556497,0.914396534,0.052032086,0,0,0
IGHV5-51,0.574300179,0.485349003,0.333483808,0.622097282,1,1,0
CEACAM8,0.363986837,0.919137546,0.914602463,0.24722262,0,1,0
CD47,0.995133049,0.597268698,0.496401584,0.357402066,0,0,0
CD44,0.311647973,0.629010758,0.990543672,0.809545038,0,0,0
RPL23A,0.120221094,0.11804875,0.002734722,0.850108828,0,0,0
RPS4X,0.218114449,0.029962779,0.958636997,0.947888821,0,0,0
RYR2,0.50978068,0.393044896,0.950175234,0.341326125,1,0,0
RPS20,0.958126274,0.264158759,0.717865288,0.829318343,0,0,0
VWF,0.753113104,0.846118716,0.593201879,0.00585408,0,0,0
IGKV-A18,0.413514068,0.2144933,0.320838265,0.100404877,0,0,0
CNOT1,NA,NA,NA,NA,0,0,0
CYTH3,NA,NA,NA,NA,0,0,0
JAK2,NA,NA,NA,NA,0,0,0
DEAF1,NA,NA,NA,NA,0,0,0
PRPF40A,NA,NA,NA,NA,0,0,0
DYSF,NA,NA,NA,NA,0,0,0
IL18BP,NA,NA,NA,NA,0,0,0
HRAS,NA,NA,NA,NA,0,0,0
GH2,NA,NA,NA,NA,0,0,0
CRP,0.188403695,0.020509222,0.173474215,2.09E-22,0,0,0
CALB1,0.251118773,0.806537239,0.733003758,0.15006261,0,0,0
PATE4,NA,NA,NA,NA,0,0,0
GZMB,NA,NA,NA,NA,0,0,0
EDN2,NA,NA,NA,NA,0,0,0
SERPINA2,NA,NA,NA,NA,0,0,0
ZNF93,NA,NA,NA,NA,0,0,0
CXCL6,NA,NA,NA,NA,0,0,0
TIAM1,NA,NA,NA,NA,0,0,0
TRIM28,NA,NA,NA,NA,0,0,0
ATP1A4,NA,NA,NA,NA,0,0,0
NCAPH,NA,NA,NA,NA,0,0,0
X7-Sep,0.672337036,0.653921262,0.720540648,0.385197868,0,0,0
CYP4F22,NA,NA,NA,NA,0,0,0
LRRC25,NA,NA,NA,NA,0,0,0
ATAD1,NA,NA,NA,NA,0,0,0
GPR98,NA,NA,NA,NA,0,0,0
STMN2,NA,NA,NA,NA,0,0,0
X2-Mar,0.908682995,0.540632442,0.849947125,0.024022409,0,0,0
FXYD5,NA,NA,NA,NA,0,0,0
NAP1L4,0.448503948,0.907353118,0.403849918,0.023333284,0,0,0
FUCA2,NA,NA,NA,NA,0,0,0
FAM129A,NA,NA,NA,NA,0,0,0
DUOX2,NA,NA,NA,NA,0,0,0
GNG12,0.997247652,0.293705646,0.262364024,0.335865329,0,0,0
GBP2,0.617574422,0.48275431,0.247221437,0.789325829,0,0,0
RPS10,0.024423481,0.054944152,0.013259218,0.23151716,0,0,0
B2M,0.227647704,0.009828355,0.821425761,0.978940523,0,0,0
RHOG,0.876818477,0.472272215,0.567145673,0.159779482,0,0,0
ASPH,0.74380331,0.87509069,0.547943357,0.501374792,0,0,0
EBP,0.477451718,0.880461933,0.067472798,0.98935021,0,0,0
ARPC1A,0.298818459,0.493978342,0.84790908,0.732291554,0,0,0
C1RL,0.821327269,0.763827736,0.382694704,0.592649388,0,0,0
