ID,gene,position,n_HP,n_PRA,n_RAA,n_RA,p_PRA_HP_wilcox,fc_PRA_HP,p_RAA_HP_wilcox,fc_RAA_HP,p_RAA_PRA_wilcox,fc_RAA_PRA,p_RA_HP_wilcox,fc_RA_HP,p_RA_PRA_wilcox,fc_RA_PRA,median_HP,median_PRA,median_RA,median_RA_A,PRA_HP,RAA_HP,RAA_PRA,PRA_HP_youwu,RAA_HP_youwu,PRA_HP_all,RAA_HP_all
A0A0B4J1V0_GLEWVGR(pa)IK_,IGHV3-15,IGHV3-15(R69),0,32,72,118,NA,NA,NA,NA,3.39E-10,0.177896577,NA,NA,4.78E-10,0.177896577,NA,-4.699281912,-4.521385335,-4.521385335,NA,NA,ns,up in PRA,others,up,
A0A0B4J1X5_GR(pa)FTISR(pa)DNAK_,IGHV3-74,IGHV3-74(R86;R91),82,40,152,303,1.54E-10,-0.273535867,8.96E-15,-0.215866431,5.11E-05,0.057669436,3.52E-14,-0.208233538,7.48E-07,0.065302329,-3.641775639,-3.915311506,-3.850009177,-3.85764207,down,ns,ns,wilcox,wilcox,down,
O00299_R(pa)R(pa)TETVQK_,CLIC1,CLIC1(R50;R51),90,42,147,283,4.87E-08,0.263574281,6.93E-17,0.325085357,0.01561875,0.061511076,6.79E-22,0.325085357,0.002550522,0.061511076,-4.120024865,-3.856450584,-3.794939508,-3.794939508,up,up,ns,wilcox,wilcox,up,up
O00483_MLR(pa)QIIGQAK_,NDUFA4,NDUFA4(R3),1,52,95,147,0.08195261,-0.625659501,0.041116577,-0.687547113,2.44E-09,-0.061887612,0.073292377,-0.687547113,1.25E-06,-0.061887612,-1.917225879,-2.54288538,-2.604772992,-2.604772992,ns,down,ns,up in PRA,others,up,
O15144_VLNR(pa)AR(pa)PDAEK_,ARPC2,ARPC2(R279;R281),28,34,141,263,1.17E-10,0.736848087,2.36E-10,0.388881668,1.65E-12,-0.347966419,3.91E-12,0.42893048,8.63E-10,-0.307917607,-2.893948371,-2.157100284,-2.465017891,-2.505066703,up,up,down,wilcox,wilcox,up,up
O15145_GPAPR(pa)ETK_,ARPC3,ARPC3(R34),46,41,165,326,3.84E-08,0.255024577,1.37E-11,0.237025389,0.013919753,-0.017999188,3.55E-16,0.275272065,0.149047202,0.020247488,-3.393947469,-3.138922892,-3.118675404,-3.15692208,ns,ns,ns,wilcox,wilcox,,
O43707_AETAANR(pa)ICK_,ACTN4,ACTN4(R280),89,39,147,310,0.426900776,-0.016732468,7.41E-09,-0.151481929,0.000855195,-0.134749461,1.97E-09,-0.151481929,0.00068096,-0.134749461,-3.202720209,-3.219452677,-3.354202138,-3.354202138,ns,ns,ns,wilcox,wilcox,,
O43707_EGLLLWCQR(pa)K_,ACTN4,ACTN4(R175),0,34,62,104,NA,NA,NA,NA,1.44E-05,0.063541908,NA,NA,0.001335358,0.063541908,NA,-5.889821976,-5.826280068,-5.826280068,NA,NA,ns,up in PRA,others,up,
O43866_SLSPSFR(pa)DR(pa)K_,CD5L,CD5L(R296;R298),91,17,85,176,3.42E-05,0.257959222,5.20E-08,-0.144651862,1.05E-08,-0.402611084,0.73464572,-0.020638684,1.22E-05,-0.278597906,-3.189353206,-2.931393984,-3.20999189,-3.334005068,ns,ns,down,wilcox,wilcox,,
O75369_VR(pa)AGGPGLER_,FLNB,FLNB(R2197),45,29,124,235,1.31E-08,0.291841757,1.90E-07,0.146879202,1.29E-05,-0.144962555,2.27E-11,0.186624191,0.140996563,-0.105217566,-2.121428665,-1.829586908,-1.934804474,-1.974549463,up,ns,ns,wilcox,wilcox,up,
O95831_SLSAIDR(pa)AGAEVK_,AIFM1,AIFM1(R272),1,41,94,158,0.087737584,-0.526973486,0.058922742,-0.417693303,7.00E-11,0.109280183,0.080456244,-0.417693303,4.96E-07,0.109280183,-2.315036733,-2.842010219,-2.732730036,-2.732730036,ns,ns,ns,up in PRA,others,up,
O95831_SR(pa)TTLFR(pa)K_,AIFM1,AIFM1(R280;R285),29,17,104,194,2.06E-07,0.45627828,0.333647936,-0.010188658,5.57E-11,-0.466466938,0.066246277,0.051899884,6.28E-11,-0.404378396,-1.600897518,-1.144619238,-1.548997634,-1.611086176,up,ns,down,wilcox,wilcox,up,
O95831_VR(pa)R(pa)EGVK_,AIFM1,AIFM1(R357;R358),1,28,90,146,0.086830305,-1.391623042,0.079426292,-1.491164154,1.04E-05,-0.099541112,0.084895283,-1.491164154,2.85E-05,-0.099541112,-0.354676992,-1.746300034,-1.845841146,-1.845841146,ns,ns,ns,up in PRA,others,up,
P00325_AAGAAR(pa)IIAVDINK_,ADH1B,ADH1B(R219),0,28,120,184,NA,NA,NA,NA,0.000692995,-0.094039412,NA,NA,8.52E-06,-0.108656028,NA,-4.39836285,-4.507018878,-4.492402262,NA,NA,ns,up in PRA,up in RAA,up,up
P00325_NDLGNPR(pa)GTLQDGTR(pa)R_,ADH1B,ADH1B(R121;R129),82,36,146,305,2.78E-05,0.165825084,0.010474159,0.041498491,1.71E-06,-0.124326593,4.58E-07,0.122037437,0.008479861,-0.043787647,-2.188651711,-2.022826627,-2.066614274,-2.14715322,ns,ns,ns,wilcox,wilcox,,
P00325_NDLGNPR(pa)GTLQDGTR_,ADH1B,ADH1B(R121),61,23,97,213,0.004579241,-0.142117883,2.01E-12,-0.228184725,0.000339869,-0.086066842,9.12E-12,-0.207083079,0.016872897,-0.064965196,-2.404102506,-2.546220389,-2.611185585,-2.632287231,ns,ns,ns,wilcox,wilcox,,
P00338_NR(pa)VIGSGCNLDSAR_,LDHA,LDHA(R157),11,23,130,241,3.45E-05,-0.248262825,0.000512856,-0.139442986,2.96E-06,0.108819839,0.017689459,-0.109522441,7.94E-08,0.138740384,-2.55198791,-2.800250735,-2.661510351,-2.691430896,ns,ns,ns,wilcox,wilcox,,
P00338_QQEGESR(pa)LNLVQR_,LDHA,LDHA(R106),13,26,108,226,0.000239253,-0.376140755,1.41E-09,-0.573135803,1.91E-13,-0.196995048,8.49E-09,-0.573135803,1.07E-11,-0.196995048,-2.34532745,-2.721468205,-2.918463253,-2.918463253,down,down,ns,wilcox,wilcox,down,down
P00367_SNAPR(pa)VK_,GLUD1,GLUD1(R395),90,34,152,298,0.385259153,-0.002202599,0.196960453,-0.0026085,0.109165773,-0.000405901,0.016664101,0.047533583,0.04453524,0.049736182,-3.177692161,-3.17989476,-3.130158578,-3.180300661,ns,ns,ns,wilcox,wilcox,,
P00367_TR(pa)ESEEQK_,GLUD1,GLUD1(R92),42,18,119,244,1.04E-09,-1.838700503,8.02E-22,-1.562125783,1.66E-06,0.27657472,5.97E-25,-1.630879551,3.70E-05,0.207820953,-0.929398872,-2.768099375,-2.560278423,-2.491524655,down,down,up,wilcox,wilcox,down,down
P00387_SNPIIR(pa)TVK_,CYB5R3,CYB5R3(R170),23,41,134,229,2.15E-11,0.514916837,7.15E-15,0.536541227,0.007063145,0.02162439,2.94E-15,0.56866516,1.71E-05,0.053748323,-0.89568623,-0.380769393,-0.32702107,-0.359145003,up,up,ns,wilcox,wilcox,up,up
P00480_GR(pa)DLLTLK_,OTC,OTC(R40),50,21,137,249,1.63E-10,-0.61941175,8.47E-17,-0.262905633,3.43E-10,0.356506117,4.43E-17,-0.262905633,1.40E-10,0.356506117,-2.659066697,-3.278478447,-2.92197233,-2.92197233,down,ns,up,wilcox,wilcox,down,
P00558_IEAFR(pa)ASLSK_,PGK1,PGK1(R151),90,36,168,340,1.74E-05,-0.102569572,4.48E-13,0.119470116,4.92E-12,0.222039688,1.15E-14,0.119470116,7.88E-13,0.222039688,-3.157931718,-3.26050129,-3.038461602,-3.038461602,ns,ns,ns,wilcox,wilcox,,
P00558_NNQITNNQR(pa)IK_,PGK1,PGK1(R39),78,41,190,377,0.477644706,-0.007224582,0.001477516,0.076495884,0.000308404,0.083720466,5.83E-06,0.090696447,2.47E-06,0.097921029,-4.599462338,-4.60668692,-4.508765891,-4.522966454,ns,ns,ns,wilcox,wilcox,,
P00558_YAEAVTR(pa)AK_,PGK1,PGK1(R330),87,46,178,357,6.52E-05,-0.11697916,6.64E-20,-0.208670329,6.34E-07,-0.091691169,5.30E-15,-0.167786578,0.045296451,-0.050807418,-2.650747456,-2.767726616,-2.818534034,-2.859417785,ns,ns,ns,wilcox,wilcox,,
P00734_GR(pa)VTGWGNLK_,F2,F2(R500),93,46,191,377,6.24E-05,0.087045217,0.000228715,0.037753751,5.44E-05,-0.049291466,2.52E-09,0.075979581,0.81291713,-0.011065636,-2.470455063,-2.383409846,-2.394475482,-2.432701312,ns,ns,ns,wilcox,wilcox,,
P00738_LR(pa)TEGDGVYTLNDK_,HP,HP(R59),78,42,171,334,2.34E-08,-0.228748142,1.38E-08,-0.127080688,4.21E-08,0.101667454,4.70E-07,-0.127080688,9.67E-09,0.101667454,-4.516176584,-4.744924726,-4.643257272,-4.643257272,ns,ns,ns,wilcox,wilcox,,
P00738_LR(pa)TEGDGVYTLNNEK_,HP,HP(R118),90,51,200,381,1.21E-10,0.299514453,4.35E-25,0.378629177,5.48E-07,0.079114724,4.22E-29,0.378629177,3.73E-08,0.079114724,-4.27090874,-3.971394287,-3.892279563,-3.892279563,up,up,ns,wilcox,wilcox,up,up
P00738_NPANPVQR(pa)_,HP,HP(R161),18,34,67,136,0.00161558,0.2247501,9.67E-05,0.270035659,0.000728174,0.045285559,6.09E-06,0.29540669,1.29E-05,0.07065659,-1.183875684,-0.959125584,-0.888468994,-0.913840025,ns,up,ns,wilcox,wilcox,,up
P00738_VGYVSGWGR(pa)NANFK_,HP,HP(R286),77,28,116,277,0.000425907,0.124529034,0.000393978,0.094525971,0.028534858,-0.030003063,9.34E-07,0.127372788,0.60541909,0.002843754,-4.328176193,-4.203647159,-4.200803405,-4.233650222,ns,ns,ns,wilcox,wilcox,,
P00747_NLDENYCR(pa)NPDGK_,PLG,PLG(R325),77,41,162,312,5.26E-12,0.366073911,6.44E-21,0.337206811,0.059705015,-0.0288671,1.22E-25,0.337206811,0.98891273,-0.0288671,-3.355135395,-2.989061484,-3.017928584,-3.017928584,up,up,ns,wilcox,wilcox,up,up
P00747_NYR(pa)GTMSK_,PLG,PLG(R112),73,18,118,250,0.003097699,0.156644487,0.000835367,-0.080390187,4.91E-10,-0.237034674,0.437152358,-0.031480951,2.29E-07,-0.188125438,-3.07954935,-2.922904863,-3.111030301,-3.159939537,ns,ns,ns,wilcox,wilcox,,
P00751_ISVIR(pa)PSK_,CFB,CFB(R503),21,39,127,248,8.76E-10,0.397922516,5.18E-11,0.323111464,1.28E-05,-0.074811052,6.53E-12,0.346922607,0.365341697,-0.05099991,-0.304231046,0.09369147,0.042691561,0.018880418,up,up,ns,wilcox,wilcox,up,up
P00966_EDFEEAR(pa)K_,ASS1,ASS1(R48),40,46,145,269,3.75E-15,0.602857244,6.92E-23,1.281746006,6.99E-24,0.678888762,1.23E-24,1.281746006,4.85E-26,0.678888762,-2.75969579,-2.156838546,-1.477949784,-1.477949784,up,up,up,wilcox,wilcox,up,up
P00966_GR(pa)NDLMEYAK_,ASS1,ASS1(R157),69,54,206,391,0.000253244,-0.074748203,0.041206028,0.021642273,1.27E-08,0.096390476,3.49E-05,0.045255577,2.52E-13,0.12000378,-1.682811658,-1.757559861,-1.637556081,-1.661169385,ns,ns,ns,wilcox,wilcox,,
P00966_QVEIAQR(pa)EGAK_,ASS1,ASS1(R108),98,53,194,390,0.004115279,-0.061140095,6.41E-17,-0.19437324,1.95E-08,-0.133233145,2.82E-13,-0.136877085,4.58E-05,-0.07573699,-3.030733398,-3.091873493,-3.167610483,-3.225106638,ns,ns,ns,wilcox,wilcox,,
P00966_SQER(pa)VEGK_,ASS1,ASS1(R344),12,36,134,243,3.16E-05,-0.356553866,3.30E-08,-0.576772295,2.48E-08,-0.220218429,5.29E-08,-0.55776546,0.000107087,-0.201211594,-2.532219885,-2.888773751,-3.089985345,-3.10899218,down,down,ns,wilcox,wilcox,down,down
P01008_ENAEQSR(pa)AAINK_,SERPINC1,SERPINC1(R215),75,39,134,279,2.79E-17,0.498147236,6.27E-29,0.412055256,0.000263104,-0.08609198,2.78E-33,0.420170122,0.004059648,-0.077977114,-3.215137743,-2.716990507,-2.794967621,-2.803082487,up,up,ns,wilcox,wilcox,up,up
P01008_FSPENTR(pa)K_,SERPINC1,SERPINC1(R267),7,34,96,182,4.08E-05,-0.568996951,1.33E-05,-0.413297868,1.73E-09,0.155699083,0.000317623,-0.413297868,1.88E-09,0.155699083,-2.027215987,-2.596212938,-2.440513855,-2.440513855,down,down,ns,wilcox,wilcox,down,down
P01008_LVSANR(pa)LFGDK_,SERPINC1,SERPINC1(R177),0,32,57,89,NA,NA,NA,NA,7.35E-08,-0.089174543,NA,NA,2.40E-06,-0.089174543,NA,-5.486005735,-5.575180278,-5.575180278,NA,NA,ns,up in PRA,others,up,
P01009_FLENEDR(pa)R_,SERPINA1,SERPINA1(R305),84,41,128,281,2.19E-17,0.496381381,3.85E-30,0.394441752,1.17E-10,-0.101939629,1.32E-31,0.394441752,5.17E-12,-0.101939629,-3.175442189,-2.679060808,-2.781000437,-2.781000437,up,up,ns,wilcox,wilcox,up,up
P01023_R(pa)TTVMVK_,A2M,A2M(R117),30,47,132,241,0.003237284,0.093428526,0.270213511,-0.011638132,1.23E-11,-0.105066658,0.264787138,0.022079754,5.23E-05,-0.071348772,-3.376831645,-3.283403119,-3.354751891,-3.388469777,ns,ns,ns,wilcox,wilcox,,
P01023_YGAATFTR(pa)TGK_,A2M,A2M(R1271),96,53,169,342,0.288811923,-0.00806295,0.001353902,-0.038945741,2.20E-05,-0.030882791,0.419524241,-0.02229616,0.460851467,-0.014233211,-3.454270354,-3.462333304,-3.476566515,-3.493216095,ns,ns,ns,wilcox,wilcox,,
P01024_CR(pa)EALK_,C3,C3(R1591),56,13,72,138,0.000319347,-0.165992592,0.054459097,-0.031295454,0.000118703,0.134697138,0.12595232,-0.031295454,5.02E-05,0.134697138,-2.179652909,-2.345645501,-2.210948363,-2.210948363,ns,ns,ns,wilcox,wilcox,,
P01024_LGR(pa)EGVQK_,C3,C3(R954),78,52,203,392,0.007807843,0.166248342,0.019973278,-0.037060664,2.31E-07,-0.203309006,0.001695025,-0.047881287,5.00E-10,-0.214129629,-1.293783514,-1.127535172,-1.341664801,-1.330844178,ns,ns,ns,wilcox,wilcox,,
P01024_NR(pa)WEDPGK_,C3,C3(R1219),49,13,108,215,0.000210483,0.193223136,4.22E-13,0.232313773,0.02378867,0.039090637,5.99E-17,0.284459271,0.002006846,0.091236135,-3.100194493,-2.906971357,-2.815735222,-2.86788072,ns,ns,ns,wilcox,wilcox,,
P01024_QLANGVDR(pa)YISK_,C3,C3(R1427),64,50,172,335,1.51E-09,0.25298302,2.96E-11,0.206909709,0.00025164,-0.046073311,7.36E-16,0.243769571,0.894941811,-0.009213449,-3.898796211,-3.645813191,-3.65502664,-3.691886502,ns,ns,ns,wilcox,wilcox,,
P01024_R(pa)QGALELIK_,C3,C3(R1042),80,49,188,370,0.103217412,0.010626751,3.13E-11,0.103538164,3.31E-09,0.092911413,4.44E-14,0.103538164,4.06E-10,0.092911413,-3.336078593,-3.325451842,-3.232540429,-3.232540429,ns,ns,ns,wilcox,wilcox,,
P01042_AR(pa)VQVVAGK_,KNG1,KNG1(R308),94,54,204,409,3.19E-08,-0.15686627,0.000727749,-0.050647425,5.55E-08,0.106218845,0.154260248,-0.050647425,2.81E-09,0.106218845,-1.959741788,-2.116608058,-2.010389213,-2.010389213,ns,ns,ns,wilcox,wilcox,,
P01833_AAGSR(pa)DVSLAK_,PIGR,PIGR(R571),72,35,114,234,7.22E-06,-0.145009554,5.36E-07,-0.090212798,0.044857768,0.054796756,0.388123622,-0.053044308,3.60E-05,0.091965246,-0.024041504,-0.169051058,-0.077085812,-0.114254302,ns,ns,ns,wilcox,wilcox,,
P01834_SFNR(pa)GEC_,IGKC,IGKC(R104),37,41,113,215,0.007825797,0.087809756,1.46E-08,0.148164024,3.10E-05,0.060354268,1.32E-10,0.148164024,5.73E-08,0.060354268,-0.800602723,-0.712792967,-0.652438699,-0.652438699,ns,ns,ns,wilcox,wilcox,,
P01860_SCDTPPPCPR(pa)CPEPK_,IGHG3,IGHG3(R128),96,54,198,385,6.41E-12,0.425420799,1.11E-08,0.191477792,2.22E-13,-0.233943007,3.33E-14,0.246187672,5.41E-09,-0.179233127,-4.52922321,-4.103802411,-4.283035538,-4.337745418,up,ns,ns,wilcox,wilcox,up,
P01871_QIQVSWLR(pa)EGK_,IGHM,IGHM(R150),51,28,117,215,0.310027571,0.004508751,0.000796281,-0.072160177,0.001010356,-0.076668928,0.006385882,-0.072160177,0.009130985,-0.076668928,-3.540899333,-3.536390582,-3.61305951,-3.61305951,ns,ns,ns,wilcox,wilcox,,
P01871_VTER(pa)TVDK_,IGHM,IGHM(R427),94,50,188,385,1.05E-09,0.267642451,2.94E-12,0.176802988,2.46E-08,-0.090839463,1.59E-17,0.205845945,0.012411092,-0.061796506,-3.710557235,-3.442914784,-3.50471129,-3.533754247,up,ns,ns,wilcox,wilcox,up,
P01876_TIDR(pa)LAGK_,IGHA1,IGHA1(R331),77,43,181,364,1.05E-10,0.400840602,7.01E-20,0.366983722,0.010042952,-0.03385688,1.29E-25,0.426501543,0.500718834,0.025660941,-0.309013141,0.091827461,0.117488402,0.057970581,up,up,ns,wilcox,wilcox,up,up
P01876_WLQGSQELPR(pa)EK_,IGHA1,IGHA1(R273),86,44,200,389,0.089922762,0.023637134,8.75E-17,0.21129494,1.50E-12,0.187657806,4.52E-21,0.227343823,3.26E-15,0.203706689,-4.284817229,-4.261180095,-4.057473406,-4.073522289,ns,ns,ns,wilcox,wilcox,,
P02545_FVR(pa)LR(pa)NK_,LMNA,LMNA(R453;R455),58,35,117,230,7.61E-13,-0.382255876,4.25E-20,-0.345421866,0.005346843,0.03683401,1.30E-24,-0.345421866,0.475824144,0.03683401,-1.377553538,-1.759809414,-1.722975404,-1.722975404,down,down,ns,wilcox,wilcox,down,down
P02545_ITR(pa)LQEK_,LMNA,LMNA(R28),23,41,148,249,0.025836715,0.102027942,0.293612143,0.009074476,5.06E-07,-0.092953466,0.931270719,0.008124412,3.64E-09,-0.09390353,-1.511630335,-1.409602393,-1.503505923,-1.502555859,ns,ns,ns,wilcox,wilcox,,
P02545_NIYSEELR(pa)ETK_,LMNA,LMNA(R216),85,36,137,282,3.59E-06,-0.161503058,0.289965762,0.004785024,4.27E-09,0.166288082,0.000837771,-0.091369461,0.116683925,0.070133597,-0.881397127,-1.042900185,-0.972766588,-0.876612103,ns,ns,ns,wilcox,wilcox,,
P02647_ENGGAR(pa)LAEYHAK_,APOA1,APOA1(R212),49,11,116,221,0.281492829,0.018171225,1.31E-07,0.172056073,0.001638508,0.153884848,3.38E-13,0.329782888,4.28E-05,0.311611663,-3.518046063,-3.499874838,-3.188263175,-3.34598999,ns,ns,ns,wilcox,wilcox,,
P02647_ETEGLR(pa)QEMSK_,APOA1,APOA1(R107),99,31,151,316,4.25E-17,2.531284427,9.18E-10,-0.135345566,1.26E-18,-2.666629993,2.79E-13,-0.154875441,3.58E-20,-2.686159868,-2.974995942,-0.443711515,-3.129871383,-3.110341508,up,ns,down,wilcox,wilcox,up,
P02647_LAAR(pa)LEALK_,APOA1,APOA1(R201),8,36,123,206,0.000943965,0.221416174,0.005392886,0.090627594,2.65E-10,-0.13078858,0.007420698,0.090627594,4.08E-09,-0.13078858,-4.511217864,-4.28980169,-4.42059027,-4.42059027,ns,ns,ns,wilcox,wilcox,,
P02647_LSPLGEEMR(pa)DR(pa)AR_,APOA1,APOA1(R173;R175),18,42,118,204,0.172048312,0.190497639,0.018097845,0.303067127,9.46E-10,0.112569488,0.002589975,0.33236572,2.76E-14,0.141868081,-2.061000032,-1.870502393,-1.728634312,-1.757932905,ns,up,ns,wilcox,wilcox,,up
P02647_VEPLR(pa)AELQEGAR(pa)QK_,APOA1,APOA1(R147;R155),82,45,170,337,1.30E-08,-0.256290878,5.06E-12,-0.165442486,2.26E-05,0.090848392,2.29E-11,-0.165442486,4.59E-06,0.090848392,-3.973507862,-4.22979874,-4.138950348,-4.138950348,ns,ns,ns,wilcox,wilcox,,
P02647_WQEEMELYR(pa)QK_,APOA1,APOA1(R140),93,54,192,373,0.00010304,-0.105454101,1.03E-10,-0.125424562,0.009426747,-0.019970461,0.044867788,-0.063331659,0.093921382,0.042122442,-2.834361781,-2.939815882,-2.89769344,-2.959786343,ns,ns,ns,wilcox,wilcox,,
P02649_EQVAEVR(pa)AK_,APOE,APOE(R258),54,35,105,224,5.22E-06,-0.169123768,2.94E-13,-0.214241747,0.001356447,-0.045117979,5.82E-12,-0.196473299,0.605139734,-0.027349531,-2.828434507,-2.997558275,-3.024907806,-3.042676254,ns,ns,ns,wilcox,wilcox,,
P02649_LLR(pa)DADDLQK_,APOE,APOE(R168),30,29,122,203,0.198811101,-0.02289211,0.482757034,0.007962581,0.019468629,0.030854691,0.127861863,0.007962581,0.002724686,0.030854691,-2.262472615,-2.285364725,-2.254510034,-2.254510034,ns,ns,ns,wilcox,wilcox,,
P02649_R(pa)LLR(pa)DADDLQK_,APOE,APOE(R165;R168),52,8,23,81,0.000193691,0.326190178,8.27E-10,0.458390107,0.094957112,0.132199929,1.53E-13,0.290351971,0.649840146,-0.035838207,-3.050806945,-2.724616767,-2.760454974,-2.592416838,up,up,ns,wilcox,wilcox,up,up
P02671_CPSGCR(pa)MK_,FGA,FGA(R69),86,44,181,365,1.14E-06,0.455667793,0.000335228,0.17870301,9.98E-05,-0.276964783,6.49E-10,0.205044283,0.004646649,-0.25062351,-4.503175038,-4.047507245,-4.298130755,-4.324472028,up,ns,down,wilcox,wilcox,up,
P02671_DLLPSR(pa)DR_,FGA,FGA(R216),42,7,101,220,0.001831041,0.231363808,3.08E-05,-0.094529073,1.34E-05,-0.325892881,0.481565935,-0.017214282,0.000493232,-0.24857809,-1.144345138,-0.91298133,-1.16155942,-1.238874211,ns,ns,down,wilcox,wilcox,,
P02671_DR(pa)QHLPLIK_,FGA,FGA(R218),49,11,141,274,0.080533991,0.074005687,7.52E-06,0.13471561,0.048354566,0.060709923,6.16E-08,0.144891377,0.023325728,0.07088569,-3.294713997,-3.22070831,-3.14982262,-3.159998387,ns,ns,ns,wilcox,wilcox,,
P02671_GDFSSANNR(pa)DNTYNR_,FGA,FGA(R123),99,51,206,414,2.39E-10,0.227385633,1.70E-05,-0.067165001,2.83E-18,-0.294550634,0.347811371,0.024089558,1.88E-12,-0.203296076,-3.688590625,-3.461204992,-3.664501068,-3.755755626,ns,ns,down,wilcox,wilcox,,
P02671_GPR(pa)VVER_,FGA,FGA(R38),14,35,66,113,4.43E-08,0.894115558,3.32E-10,1.047714956,2.56E-08,0.153599398,5.86E-10,1.047714956,2.91E-08,0.153599398,-3.342066797,-2.447951239,-2.294351841,-2.294351841,up,up,ns,wilcox,wilcox,up,up
P02671_GSCSR(pa)ALAR(pa)EVDLK_,FGA,FGA(R186;R190),76,37,163,322,6.81E-12,0.309486195,9.53E-25,0.374429282,0.000296442,0.064943087,5.30E-31,0.421773983,4.11E-07,0.112287788,-4.635164363,-4.325678168,-4.213390381,-4.260735081,up,up,ns,wilcox,wilcox,up,up
P02671_NVR(pa)AQLVDMK_,FGA,FGA(R160),96,47,198,398,0.007634254,-0.064221395,2.10E-06,-0.081201782,0.007856238,-0.016980387,0.01562703,-0.065157056,0.85534021,-0.000935661,-2.069792907,-2.134014302,-2.134949963,-2.150994689,ns,ns,ns,wilcox,wilcox,,
P02671_QFTSSTSYNR(pa)GDSTFESK_,FGA,FGA(R591),79,43,192,362,6.66E-12,0.371987581,2.46E-15,0.257024123,1.92E-05,-0.114963458,1.54E-08,0.208715843,9.86E-09,-0.163271738,-6.124063797,-5.752076216,-5.915347954,-5.867039674,up,ns,ns,wilcox,wilcox,up,
P02671_R(pa)EYHTEK_,FGA,FGA(R426),66,18,153,289,0.165728546,0.057980687,0.00053931,0.084674171,0.05922579,0.026693484,1.06E-12,0.241293558,4.95E-05,0.183312871,-2.36319672,-2.305216033,-2.121903162,-2.278522549,ns,ns,ns,wilcox,wilcox,,
P02671_SCR(pa)GSCSR(pa)ALAR_,FGA,FGA(R181;R186),69,18,115,230,0.373453955,-0.005189946,0.000121932,0.122175219,1.35E-05,0.127365165,1.30E-09,0.184047655,5.59E-07,0.189237601,-2.996748273,-3.001938219,-2.812700619,-2.874573054,ns,ns,ns,wilcox,wilcox,,
P02671_VTSGSTTTTR(pa)R(pa)SCSK_,FGA,FGA(R458;R459),93,55,206,391,0.002869125,0.155760709,7.06E-09,0.199574969,0.000262192,0.04381426,6.80E-13,0.205256842,3.81E-06,0.049496133,-5.889383677,-5.733622968,-5.684126835,-5.689808708,ns,ns,ns,wilcox,wilcox,,
P02675_ECEEIIR(pa)K_,FGB,FGB(R246),96,45,172,339,8.30E-19,0.59176101,3.27E-38,0.567143796,0.001214731,-0.024617214,2.60E-46,0.594561919,0.438939474,0.002800909,-3.720096342,-3.128335332,-3.125534423,-3.152952546,up,up,ns,wilcox,wilcox,up,up
P02675_IR(pa)PFFPQQ_,FGB,FGB(R485),0,29,46,77,NA,NA,NA,NA,0.000610194,-0.068862378,NA,NA,0.685311791,-0.068862378,NA,-4.200106582,-4.26896896,-4.26896896,NA,NA,ns,up in PRA,others,up,
P02675_R(pa)EEAPSLR_,FGB,FGB(R53),30,49,162,294,0.103225861,-0.019343468,0.524787215,0.008682076,0.000574197,0.028025544,0.024993223,0.036655611,1.97E-07,0.055999079,-1.262621837,-1.281965305,-1.225966226,-1.253939761,ns,ns,ns,wilcox,wilcox,,
P02675_SILENLR(pa)SK_,FGB,FGB(R206),71,45,175,355,1.29E-17,0.763793151,1.16E-32,0.839453643,1.29E-06,0.075660492,3.64E-37,0.839453643,8.01E-07,0.075660492,-3.606346527,-2.842553376,-2.766892884,-2.766892884,up,up,ns,wilcox,wilcox,up,up
P02679_R(pa)LDGSVDFK_,FGG,FGG(R223),92,43,171,350,1.68E-07,0.218867629,7.03E-13,0.129108035,1.62E-05,-0.089759594,9.65E-18,0.150064919,0.009276851,-0.068802711,-2.511540823,-2.292673194,-2.361475905,-2.382432788,ns,ns,ns,wilcox,wilcox,,
P02749_ATVVYQGER(pa)VK_,APOH,APOH(R279),97,53,202,406,1.81E-17,0.393800823,1.78E-35,0.440481563,5.54E-05,0.04668074,5.56E-40,0.440481563,0.045399502,0.04668074,-4.093992994,-3.700192171,-3.653511431,-3.653511431,up,up,ns,wilcox,wilcox,up,up
P02749_LPECR(pa)EVK_,APOH,APOH(R201),11,33,86,150,2.03E-06,0.514934054,6.40E-06,0.388278693,4.75E-07,-0.126655361,7.22E-06,0.376028582,1.17E-08,-0.138905473,-0.932351928,-0.417417874,-0.556323347,-0.544073235,up,up,ns,wilcox,wilcox,up,up
P02751_SEPLIGR(pa)K_,FN1,FN1(R1988),19,42,121,227,3.11E-09,0.864134959,1.19E-12,0.897164426,0.008877186,0.033029467,6.02E-13,0.920667372,0.000273042,0.056532413,-4.3274536,-3.463318641,-3.406786228,-3.430289174,up,up,ns,wilcox,wilcox,up,up
P02774_SR(pa)LSNLIK_,GC,GC(R232),17,27,108,181,0.037037881,0.06495737,5.24E-11,0.418937307,3.46E-13,0.353979937,4.68E-11,0.418937307,2.65E-13,0.353979937,-1.925845289,-1.860887919,-1.506907982,-1.506907982,ns,up,up,wilcox,wilcox,,up
P02787_AVGNLR(pa)K_,TF,TF(R682),98,13,93,218,0.009805876,-0.097391121,0.297816802,-0.013084967,0.004866088,0.084306154,0.275994634,0.016603763,0.00078146,0.113994884,-4.29209875,-4.389489871,-4.275494987,-4.305183717,ns,ns,ns,wilcox,wilcox,,
P02787_DSGFQMNQLR(pa)GK_,TF,TF(R132),91,41,185,367,4.78E-18,-0.501798708,3.11E-34,-0.426818904,1.06E-05,0.074979804,4.10E-39,-0.426818904,2.34E-05,0.074979804,-4.131027356,-4.632826064,-4.55784626,-4.55784626,down,down,ns,wilcox,wilcox,down,down
P02787_DYELLCLDGTR(pa)K_,TF,TF(R587),56,49,167,315,6.03E-07,0.240953733,0.001202536,0.068775223,1.84E-08,-0.17217851,8.55E-05,0.078899027,9.02E-07,-0.162054706,-6.231363902,-5.990410169,-6.152464875,-6.162588679,ns,ns,ns,wilcox,wilcox,,
P02787_LHDR(pa)NTYEK_,TF,TF(R663),99,56,207,418,1.14E-06,-0.149074433,0.0011548,-0.065200516,1.90E-07,0.083873917,0.558202468,-0.000519115,5.14E-11,0.148555318,-5.316113014,-5.465187447,-5.316632129,-5.38131353,ns,ns,ns,wilcox,wilcox,,
P02787_VPPR(pa)MDAK_,TF,TF(R327),85,47,171,349,0.105952023,0.031895772,0.001347695,-0.050053054,5.06E-06,-0.081948826,0.264656316,0.028644479,0.614382999,-0.003251293,-2.721969929,-2.690074157,-2.69332545,-2.772022983,ns,ns,ns,wilcox,wilcox,,
P02790_WDR(pa)ELISER_,HPX,HPX(R83),90,47,170,346,0.002106658,0.068558653,0.004482958,0.033202021,0.000163215,-0.035356632,1.66E-06,0.044203813,0.821287352,-0.02435484,-0.279002603,-0.21044395,-0.23479879,-0.245800582,ns,ns,ns,wilcox,wilcox,,
P04075_ADDGR(pa)PFPQVIK_,ALDOA,ALDOA(R92),62,21,80,149,4.73E-07,0.319108671,3.06E-16,0.33011307,0.115782177,0.011004399,4.64E-19,0.33011307,0.414602307,0.011004399,-2.723437274,-2.404328603,-2.393324204,-2.393324204,up,up,ns,wilcox,wilcox,up,up
P04075_R(pa)ALANSLACQGK_,ALDOA,ALDOA(R331),42,31,95,207,0.001545899,-0.107258806,1.53E-05,0.11123637,1.82E-10,0.218495176,4.28E-07,0.11123637,1.02E-11,0.218495176,-2.328769659,-2.436028465,-2.217533289,-2.217533289,ns,ns,ns,wilcox,wilcox,,
P04083_R(pa)NNAQR(pa)QQIK_,ANXA1,ANXA1(R72;R77),73,45,178,343,0.110063978,0.012310767,1.94E-09,0.17250727,1.25E-09,0.160196503,1.65E-13,0.191019348,2.59E-12,0.178708581,-3.28800845,-3.275697683,-3.096989102,-3.11550118,ns,ns,ns,wilcox,wilcox,,
P04114_EDR(pa)ALVDTLK_,APOB,APOB(R1027),20,33,64,120,8.23E-07,-0.549479625,6.53E-10,-0.651986725,1.57E-05,-0.1025071,3.38E-10,-0.651986725,0.002719626,-0.1025071,-1.823025912,-2.372505537,-2.475012637,-2.475012637,down,down,ns,wilcox,wilcox,down,down
P04114_INSR(pa)FFGEGTK_,APOB,APOB(R297),30,22,92,184,1.74E-07,-0.367141036,3.78E-09,-0.229734911,0.0006396,0.137406125,3.45E-06,-0.210594766,1.16E-05,0.15654627,-3.864570682,-4.231711718,-4.075165448,-4.094305593,down,ns,ns,wilcox,wilcox,down,
P04406_LVTR(pa)AAFNSGK_,GAPDH,GAPDH(R20),78,35,106,216,7.77E-08,0.283737403,1.91E-25,0.474922763,6.35E-09,0.19118536,9.15E-32,0.482864249,1.12E-09,0.199126846,0.00955906,0.293296463,0.492423309,0.484481823,up,up,ns,wilcox,wilcox,up,up
P04406_VGVNGFGR(pa)IGR_,GAPDH,GAPDH(R13),75,3,32,113,0.027725893,-0.237288059,2.19E-09,-0.220304013,0.882851669,0.016984046,0.16638953,-0.020507078,0.087452191,0.216780981,-1.23596448,-1.473252539,-1.256471558,-1.456268493,ns,ns,ns,down in PRA,wilcox,down,
P04844_SVASR(pa)ATVLQK_,RPN2,RPN2(R316),61,53,201,386,3.48E-08,0.27184154,3.01E-17,0.355002825,1.22E-05,0.083161285,1.60E-18,0.355002825,3.58E-06,0.083161285,-3.834670389,-3.562828849,-3.479667564,-3.479667564,up,up,ns,wilcox,wilcox,up,up
P05023_LNIPVSQVNPR(pa)DAK_,ATP1A1,ATP1A1(R658),79,8,77,191,0.000708782,-0.579711615,0.511618572,0.079081514,0.014414716,0.658793129,0.0060831,0.139601048,0.001743855,0.719312663,-3.037046788,-3.616758403,-2.89744574,-2.957965274,down,ns,up,wilcox,wilcox,down,
P05023_R(pa)AVAGDASESALLK_,ATP1A1,ATP1A1(R445),40,13,129,250,0.00103289,0.168624657,0.000124241,0.105324743,0.052245449,-0.063299914,0.152712007,0.105324743,0.01138852,-0.063299914,-2.477876685,-2.309252028,-2.372551942,-2.372551942,ns,ns,ns,wilcox,wilcox,,
P05026_TEISFR(pa)PNDPK_,ATP1B1,ATP1B1(R91),13,32,96,176,0.237072339,-0.089103832,0.161078396,-0.085956659,0.009631629,0.003147173,0.058073199,-0.087504348,0.679992336,0.001599484,-2.019459503,-2.108563335,-2.106963851,-2.105416162,ns,ns,ns,wilcox,wilcox,,
P05062_AHR(pa)FPALTQEQK_,ALDOB,ALDOB(R4),98,45,167,357,0.184213019,0.024795157,0.000921668,-0.068195079,1.23E-06,-0.092990236,0.541115618,-0.001803266,0.649833801,-0.026598423,-1.42430935,-1.399514193,-1.426112616,-1.492504429,ns,ns,ns,wilcox,wilcox,,
P05062_LFR(pa)NILK_,ALDOB,ALDOB(R95),51,34,117,219,1.91E-09,0.305546141,1.05E-19,0.46230821,3.74E-12,0.156762069,4.68E-21,0.459400778,2.77E-09,0.153854637,-5.328047156,-5.022501015,-4.868646378,-4.865738946,up,up,ns,wilcox,wilcox,up,up
P05062_R(pa)AMANCQAAK_,ALDOB,ALDOB(R331),90,51,199,398,1.02E-05,0.166224487,0.009039896,0.032674015,5.43E-08,-0.133550472,0.000106268,0.046268634,6.28E-06,-0.119955853,-5.410171687,-5.2439472,-5.363903053,-5.377497672,ns,ns,ns,wilcox,wilcox,,
P05062_VENTEENR(pa)R(pa)QFR_,ALDOB,ALDOB(R56;R57),6,31,149,263,0.014794391,-0.305900976,0.004449501,-0.52838894,5.37E-13,-0.222487964,0.004968069,-0.515399616,2.59E-11,-0.20949864,-1.905084084,-2.21098506,-2.4204837,-2.433473024,down,down,ns,wilcox,wilcox,down,down
P05091_SR(pa)VVGNPFDSK_,ALDH2,ALDH2(R346),86,49,161,317,0.000118374,0.1423815,7.10E-18,0.257207589,2.15E-07,0.114826089,1.84E-21,0.257207589,1.02E-08,0.114826089,-1.875911743,-1.733530243,-1.618704154,-1.618704154,ns,ns,ns,wilcox,wilcox,,
P05141_AGAER(pa)EFR_,SLC25A5,SLC25A5(R152),80,38,95,195,0.004776726,0.089895293,0.256493183,-0.007909584,0.001361437,-0.097804877,0.001363114,0.060718321,0.931659822,-0.029176972,-0.136779198,-0.046883905,-0.076060877,-0.144688782,ns,ns,ns,wilcox,wilcox,,
P05141_TR(pa)LAADVGK_,SLC25A5,SLC25A5(R140),64,31,145,294,0.641642137,0.006458523,1.80E-06,0.119626649,4.77E-05,0.113168126,5.07E-05,0.115920759,0.000655942,0.109462236,-2.338225519,-2.331766996,-2.22230476,-2.21859887,ns,ns,ns,wilcox,wilcox,,
P05783_ASLENSLR(pa)EVEAR_,KRT18,KRT18(R325),27,31,69,134,3.17E-07,0.324432303,2.02E-08,0.299794313,0.00649031,-0.02463799,1.45E-10,0.299794313,0.098944375,-0.02463799,-1.65250088,-1.328068577,-1.352706567,-1.352706567,up,up,ns,wilcox,wilcox,up,up
P05783_TTTR(pa)R(pa)IVDGK_,KRT18,KRT18(R411;R412),78,47,163,322,0.03625022,0.048341008,1.10E-16,0.245397432,2.33E-09,0.197056424,9.64E-16,0.245397432,6.15E-08,0.197056424,-3.049535748,-3.00119474,-2.804138316,-2.804138316,ns,ns,ns,wilcox,wilcox,,
P06576_TIAMDGTEGLVR(pa)GQK_,ATP5F1B,ATP5F1B(R121),14,46,106,190,0.000258467,-0.145338159,7.73E-08,-0.225323843,7.59E-06,-0.079985684,0.000104212,-0.218954726,0.572245298,-0.073616567,-3.917868018,-4.063206177,-4.136822744,-4.143191861,ns,ns,ns,wilcox,wilcox,,
P06727_GR(pa)LTPYADEFK_,APOA4,APOA4(R200),73,31,120,251,0.000492192,0.129428029,1.93E-09,0.158858754,0.212856384,0.029430725,1.19E-14,0.200978871,0.000933972,0.071550842,-3.299221795,-3.169793766,-3.098242924,-3.140363041,ns,ns,ns,wilcox,wilcox,,
P06733_FAGR(pa)NFR(pa)NPLAK_,ENO1,ENO1(R426;R429),75,41,143,278,3.70E-07,0.216233954,2.60E-23,0.392855813,4.51E-10,0.176621859,5.60E-27,0.392855813,1.42E-11,0.176621859,-4.791775773,-4.575541819,-4.39891996,-4.39891996,ns,up,ns,wilcox,wilcox,,up
P06733_NFR(pa)NPLAK_,ENO1,ENO1(R429),77,12,69,167,0.014205807,0.091873557,6.04E-11,0.295245406,0.007151626,0.203371849,5.98E-17,0.364869507,0.001450959,0.27299595,-2.974161465,-2.882287908,-2.609291958,-2.678916059,ns,up,ns,wilcox,wilcox,,up
P06744_AALTR(pa)DPQFQK_,GPI,GPI(R6),10,23,112,204,0.510168958,-0.107156489,0.203595729,-0.187167115,1.91E-07,-0.080010626,0.309102488,-0.187167115,0.004352751,-0.080010626,-0.939285967,-1.046442456,-1.126453082,-1.126453082,ns,ns,ns,wilcox,wilcox,,
P06744_QQR(pa)EAR(pa)VQ_,GPI,GPI(R553;R556),23,14,109,183,4.34E-07,0.779692315,2.23E-13,0.896528604,0.009074718,0.116836289,2.30E-14,0.896528604,0.012399973,0.116836289,-2.026315321,-1.246623006,-1.129786717,-1.129786717,up,up,ns,wilcox,wilcox,up,up
P06744_SFCQR(pa)VR(pa)SGDWK_,GPI,GPI(R135;R137),54,38,129,264,2.14E-05,0.141869872,1.03E-09,0.142747034,0.152152588,0.000877162,1.99E-13,0.189585326,0.000411819,0.047715453,-3.217819312,-3.07594944,-3.028233987,-3.075072278,ns,ns,ns,wilcox,wilcox,,
P06748_SIR(pa)DTPAK_,NPM1,NPM1(R197),65,50,132,266,6.26E-07,0.187969311,1.19E-07,0.140208242,8.40E-08,-0.047761069,1.19E-07,0.140208242,5.71E-06,-0.047761069,-1.439849051,-1.25187974,-1.299640809,-1.299640809,ns,ns,ns,wilcox,wilcox,,
P07237_FFR(pa)NGDTASPK_,P4HB,P4HB(R106),36,15,96,198,1.31E-07,-0.535791361,5.01E-17,-0.576235879,0.026848399,-0.040444518,2.92E-19,-0.576235879,0.016913734,-0.040444518,-2.336329355,-2.872120716,-2.912565234,-2.912565234,down,down,ns,wilcox,wilcox,down,down
P07305_NR(pa)AGSSR(pa)QSIQK_,H1-0,H1-0(R42;R47),87,46,195,367,0.047976706,-0.038965525,7.54E-06,-0.095263794,6.12E-08,-0.056298269,0.609773648,-0.040015504,0.84205405,-0.001049979,-4.716370818,-4.755336343,-4.756386322,-4.811634612,ns,ns,ns,wilcox,wilcox,,
P07305_R(pa)LVTTGVLK_,H1-0,H1-0(R74),79,45,166,339,1.61E-10,0.693292613,2.89E-12,0.548492269,4.17E-05,-0.144800344,4.04E-16,0.548492269,0.514785216,-0.144800344,-3.357298192,-2.664005579,-2.808805923,-2.808805923,up,up,ns,wilcox,wilcox,up,up
P07339_VER(pa)QVFGEATK_,CTSD,CTSD(R176),79,52,196,393,0.08778043,0.022659542,0.146963067,0.010077478,0.001381145,-0.012582064,0.354824156,0.010077478,0.002003093,-0.012582064,-1.998071908,-1.975412366,-1.98799443,-1.98799443,ns,ns,ns,wilcox,wilcox,,
P07355_DIISDTSGDFR(pa)K_,ANXA2,ANXA2(R168),94,46,176,365,6.24E-05,0.121949931,5.30E-13,0.151577504,0.018657006,0.029627573,1.10E-18,0.182145662,0.000814491,0.060195731,-2.836875302,-2.714925371,-2.65472964,-2.685297798,ns,ns,ns,wilcox,wilcox,,
P07355_IR(pa)SEFK_,ANXA2,ANXA2(R304),63,28,128,263,8.51E-05,-0.103879861,1.40E-08,-0.115837381,0.352722246,-0.01195752,0.003974309,-0.095636633,0.296199652,0.008243228,-2.677659373,-2.781539234,-2.773296006,-2.793496754,ns,ns,ns,wilcox,wilcox,,
P07585_ISR(pa)VDAASLK_,DCN,DCN(R235),77,39,157,319,1.57E-17,0.576555749,2.79E-34,0.717767482,5.62E-08,0.141211733,2.10E-40,0.717767482,9.77E-07,0.141211733,-1.90366792,-1.327112171,-1.185900438,-1.185900438,up,up,ns,wilcox,wilcox,up,up
P07585_LER(pa)LYLSK_,DCN,DCN(R133),83,44,135,280,5.71E-07,-0.17768211,0.000445028,-0.073034731,2.36E-07,0.104647379,0.100716486,-0.073034731,1.38E-09,0.104647379,-4.031136714,-4.208818824,-4.104171445,-4.104171445,ns,ns,ns,wilcox,wilcox,,
P07900_IR(pa)YESLTDPSK_,HSP90AA1,HSP90AA1(R60),32,32,75,121,0.073588801,0.096821408,0.010633363,0.07453102,0.005538802,-0.022290388,0.003747838,0.07453102,0.068840361,-0.022290388,-2.841854476,-2.745033068,-2.767323456,-2.767323456,ns,ns,ns,wilcox,wilcox,,
P08603_ENER(pa)FQYK_,CFH,CFH(R232),47,4,113,249,0.001387859,-0.489622135,1.79E-19,-0.31388229,0.101955974,0.175739845,8.64E-21,-0.305177838,0.073651262,0.184444297,-3.319498327,-3.809120462,-3.624676165,-3.633380617,down,down,ns,others,wilcox,,down
P08603_R(pa)ITCR(pa)NGQWSEPPK_,CFH,CFH(R1149;R1153),34,26,124,232,0.000150685,-0.326974611,2.65E-07,-0.307349698,0.293875943,0.019624913,2.07E-08,-0.307349698,0.527273216,0.019624913,-2.822795145,-3.149769756,-3.130144843,-3.130144843,down,down,ns,wilcox,wilcox,down,down
P08603_SCDIPVFMNAR(pa)TK_,CFH,CFH(R518),65,29,106,225,0.003181668,0.15066314,0.008125724,0.074609586,0.001688382,-0.076053554,0.000535569,0.08161315,0.19583918,-0.06904999,-4.656509562,-4.505846422,-4.574896412,-4.581899976,ns,ns,ns,wilcox,wilcox,,
P08670_AR(pa)VEVER_,VIM,VIM(R170),88,52,204,401,3.51E-15,0.243452208,2.45E-36,0.327806269,5.72E-07,0.084354061,1.59E-35,0.314014018,0.001074027,0.07056181,-1.751150607,-1.507698399,-1.437136589,-1.423344338,ns,up,ns,wilcox,wilcox,,up
P08670_FADLSEAANR(pa)NNDALR_,VIM,VIM(R304),85,50,180,350,2.53E-06,0.201305085,9.32E-17,0.266472259,3.67E-06,0.065167174,6.95E-21,0.278551161,1.01E-07,0.077246075,-3.598535685,-3.3972306,-3.319984525,-3.332063426,ns,up,ns,wilcox,wilcox,,up
P08670_GTNESLER(pa)QMR_,VIM,VIM(R342),72,37,136,252,5.27E-10,0.215337052,1.06E-18,0.207048162,0.000728387,-0.00828889,2.44E-26,0.243593967,0.453756172,0.028256915,-2.52022111,-2.304884058,-2.276627144,-2.313172948,ns,ns,ns,wilcox,wilcox,,
P08670_NNDALR(pa)QAK_,VIM,VIM(R310),87,45,183,364,3.32E-08,-0.119458552,6.92E-21,-0.150530636,0.001519428,-0.031072084,3.00E-07,-0.08045466,0.18146954,0.039003892,-3.22195405,-3.341412602,-3.30240871,-3.372484686,ns,ns,ns,wilcox,wilcox,,
P08670_R(pa)QVDQLTNDK_,VIM,VIM(R159),90,50,156,323,1.96E-06,0.151519175,1.77E-07,0.104884276,0.002523143,-0.046634899,1.24E-07,0.104884276,0.001860633,-0.046634899,-4.13717942,-3.985660245,-4.032295144,-4.032295144,ns,ns,ns,wilcox,wilcox,,
P08670_SR(pa)LGDLYEEEMR_,VIM,VIM(R145),92,50,199,401,0.03894381,-0.039912201,0.062282809,0.017885316,3.81E-05,0.057797517,0.004785321,0.018413978,1.61E-07,0.058326179,-2.077523951,-2.117436152,-2.059109973,-2.059638635,ns,ns,ns,wilcox,wilcox,,
P08708_AAR(pa)VIIEK_,RPS17,RPS17(R14),78,28,136,288,0.35946563,-0.039055599,0.000170692,-0.091844827,0.022794217,-0.052789228,0.061617079,-0.07082526,0.358701772,-0.031769661,-3.178623098,-3.217678697,-3.249448359,-3.270467925,ns,ns,ns,wilcox,wilcox,,
P09382_VR(pa)GEVAPDAK_,LGALS1,LGALS1(R21),39,42,137,258,2.16E-11,0.375639027,2.52E-13,0.40097721,0.016335142,0.025338183,1.01E-16,0.456794924,4.03E-05,0.081155897,-2.430002013,-2.054362986,-1.973207089,-2.029024803,up,up,ns,wilcox,wilcox,up,up
P09493_HIAEDADR(pa)K_,TPM1,TPM1(R160),6,27,100,195,0.157664917,-0.163696582,0.127162217,-0.125444051,2.38E-05,0.038252531,0.527283968,-0.09088686,2.09E-07,0.072809721,-2.990860779,-3.15455736,-3.081747639,-3.116304829,ns,ns,ns,wilcox,wilcox,,
P09493_VIESR(pa)AQK_,TPM1,TPM1(R133),81,42,185,360,6.10E-10,0.190893033,2.99E-08,0.112882378,2.63E-08,-0.078010655,7.17E-15,0.169769732,0.493233955,-0.021123302,-3.254359063,-3.06346603,-3.084589332,-3.141476685,ns,ns,ns,wilcox,wilcox,,
P09669_FR(pa)VADQR(pa)K_,COX6C,COX6C(R40;R45),83,39,165,322,3.35E-11,0.369188523,2.72E-08,0.249742837,0.003599177,-0.119445686,2.43E-13,0.249742837,0.036660939,-0.119445686,-2.009551999,-1.640363476,-1.759809162,-1.759809162,up,ns,ns,wilcox,wilcox,up,
P0C0L4_QR(pa)VEASISK_,C4A,C4A(R1167),42,6,87,177,0.000275208,0.391976507,5.10E-12,0.257116947,0.000810888,-0.13485956,2.63E-15,0.290041078,0.021813826,-0.101935429,-3.254571384,-2.862594877,-2.964530306,-2.997454437,up,ns,ns,wilcox,wilcox,up,
P10515_GR(pa)VFVSPLAK_,DLAT,DLAT(R354),93,31,157,326,0.002197007,-0.102018741,1.41E-09,-0.15800259,0.001547059,-0.055983849,4.19E-05,-0.146695524,0.561953858,-0.044676782,-3.132754778,-3.234773519,-3.279450302,-3.290757368,ns,ns,ns,wilcox,wilcox,,
P10643_NAR(pa)CVQK_,C7,C7(R687),51,22,39,99,9.87E-09,0.335854251,6.71E-13,0.368284445,0.065961177,0.032430194,1.38E-18,0.368284445,0.046275251,0.032430194,-2.376851098,-2.040996847,-2.008566653,-2.008566653,up,up,ns,wilcox,wilcox,up,up
P10809_APGFGDNR(pa)K_,HSPD1,HSPD1(R309),71,35,75,182,0.622954274,0.007708752,2.52E-12,-0.20387679,5.16E-12,-0.211585542,0.159018185,-0.053102523,0.284720979,-0.060811275,-2.147337513,-2.139628761,-2.200440037,-2.351214303,ns,ns,ns,wilcox,wilcox,,
P10809_LNER(pa)LAK_,HSPD1,HSPD1(R393),58,37,93,167,3.74E-14,-0.386864658,8.93E-21,-0.434738663,2.36E-06,-0.047874005,6.25E-25,-0.434738663,5.42E-07,-0.047874005,-1.254347481,-1.641212139,-1.689086144,-1.689086144,down,down,ns,wilcox,wilcox,down,down
P10909_ALQEYR(pa)K_,CLU,CLU(R443),9,38,149,258,0.00085279,-0.116763117,0.040382937,0.052196292,1.98E-14,0.168959409,0.024170306,0.052196292,1.67E-16,0.168959409,-3.895553683,-4.0123168,-3.843357391,-3.843357391,ns,ns,ns,wilcox,wilcox,,
P11021_DNR(pa)AVQK_,HSPA5,HSPA5(R283),39,36,167,308,0.001070306,-0.141808674,1.51E-07,-0.191063257,6.87E-05,-0.049254583,0.000830336,-0.157047622,0.986502699,-0.015238948,-2.437596823,-2.579405497,-2.594644445,-2.62866008,ns,ns,ns,wilcox,wilcox,,
P11142_R(pa)NTTIPTK_,HSPA8,HSPA8(R416),90,41,146,312,2.13E-15,0.391114665,4.30E-15,0.222728829,3.79E-09,-0.168385836,4.94E-24,0.269296473,4.05E-06,-0.121818192,-3.246073811,-2.854959146,-2.976777338,-3.023344982,up,ns,ns,wilcox,wilcox,up,
P11168_ER(pa)EEASSEQK_,SLC2A2,SLC2A2(R280),92,11,130,268,0.000114508,-0.349584887,4.21E-23,-0.354697462,0.860707908,-0.005112575,1.43E-19,-0.301026684,0.212074331,0.048558203,-3.76861494,-4.118199827,-4.069641624,-4.123312402,down,down,ns,wilcox,wilcox,down,down
P11310_EFQATAR(pa)K_,ACADM,ACADM(R53),13,15,118,216,0.00019116,-0.351021503,6.95E-06,-0.233962936,0.004018241,0.117058567,2.26E-05,-0.233962936,0.000750384,0.117058567,-2.440577424,-2.791598927,-2.67454036,-2.67454036,down,ns,ns,wilcox,wilcox,down,
P12111_FR(pa)QSSPDSVK_,COL6A3,COL6A3(R1938),74,12,117,237,0.03485475,0.102485007,2.10E-17,-0.273569954,8.19E-05,-0.376054961,3.07E-15,-0.273569954,0.000123707,-0.376054961,-2.286771316,-2.184286309,-2.56034127,-2.56034127,ns,down,down,wilcox,wilcox,,down
P12111_R(pa)EVITAVR(pa)K_,COL6A3,COL6A3(R506;R513),48,38,138,264,1.68E-15,-0.740181015,2.21E-25,-0.536764722,4.16E-14,0.203416293,2.01E-27,-0.510478373,2.46E-17,0.229702642,-1.837520098,-2.577701113,-2.347998471,-2.37428482,down,down,ns,wilcox,wilcox,down,down
P12111_SSDR(pa)VDGPASNLK_,COL6A3,COL6A3(R955),87,13,101,231,0.143876718,0.028629992,0.041529256,-0.021666288,0.023434791,-0.05029628,0.127565535,0.024254647,0.974193808,-0.004375345,-2.637663189,-2.609033197,-2.613408542,-2.659329477,ns,ns,ns,wilcox,wilcox,,
P12277_R(pa)LR(pa)LQK_,CKB,CKB(R314;R316),18,36,88,161,1.79E-09,1.787496395,1.09E-11,1.710890847,1.58E-06,-0.076605548,3.00E-12,1.706688498,1.86E-07,-0.080807897,-2.575462142,-0.787965747,-0.868773644,-0.864571295,up,up,ns,wilcox,wilcox,up,up
P13073_VELYR(pa)IK_,COX4I1,COX4I1(R83),56,29,71,155,6.12E-07,0.312133816,0.094684569,-0.039814964,1.36E-06,-0.35194878,0.952072153,-0.039814964,7.16E-06,-0.35194878,-2.343148449,-2.031014633,-2.382963413,-2.382963413,up,ns,down,wilcox,wilcox,up,
P13639_GEGQLGPAER(pa)AK_,EEF2,EEF2(R249),71,49,186,352,5.70E-10,-0.284189801,3.82E-11,-0.214684362,7.88E-06,0.069505439,1.61E-07,-0.197633061,2.31E-08,0.08655674,-1.01282486,-1.297014661,-1.210457921,-1.227509222,down,ns,ns,wilcox,wilcox,down,
P13804_VVVSGGR(pa)GLK_,ETFA,ETFA(R223),90,40,149,285,2.29E-11,-0.278519264,5.11E-13,-0.108704333,2.79E-10,0.169814931,0.00130841,-0.104347159,8.01E-13,0.174172105,-1.777115654,-2.055634918,-1.881462813,-1.885819987,down,ns,ns,wilcox,wilcox,down,
P14174_IGGAQNR(pa)SYSK_,MIF,MIF(R74),8,30,55,113,4.26E-05,-0.368364016,0.000186611,-0.263070082,1.85E-06,0.105293934,0.000278018,-0.263070082,8.91E-06,0.105293934,-2.060829136,-2.429193152,-2.323899218,-2.323899218,down,down,ns,wilcox,wilcox,down,down
P14550_AVPR(pa)EELFVTSK_,AKR1A1,AKR1A1(R72),81,30,162,322,0.036401213,0.047252093,0.000739644,0.065489856,0.044632411,0.018237763,1.03E-07,0.085957122,0.000804894,0.038705029,-2.984377425,-2.937125332,-2.898420303,-2.918887569,ns,ns,ns,wilcox,wilcox,,
P14618_APIIAVTR(pa)NPQTAR_,PKM,PKM(R455),96,48,201,381,2.40E-06,0.13104751,7.27E-18,0.168719146,0.000689139,0.037671636,2.02E-23,0.195156287,5.18E-06,0.064108777,-3.217036231,-3.085988721,-3.021879944,-3.048317085,ns,ns,ns,wilcox,wilcox,,
P14618_GPEIR(pa)TGLIK_,PKM,PKM(R120),68,33,149,298,2.50E-06,0.168849075,4.30E-07,0.138142778,0.016428234,-0.030706297,4.90E-10,0.138142778,0.381891765,-0.030706297,-2.919157343,-2.750308268,-2.781014565,-2.781014565,ns,ns,ns,wilcox,wilcox,,
P14625_ESR(pa)EAVEK_,HSP90B1,HSP90B1(R608),87,42,177,346,0.000150369,0.107191136,0.000165378,0.072812352,0.002717993,-0.034378784,2.82E-09,0.105803883,0.772841758,-0.001387253,-2.884431436,-2.7772403,-2.778627553,-2.811619084,ns,ns,ns,wilcox,wilcox,,
P14625_R(pa)FQNVAK_,HSP90B1,HSP90B1(R587),80,36,135,283,0.220806476,0.008292266,1.16E-18,0.248837053,1.91E-15,0.240544787,3.10E-13,0.220878583,1.06E-09,0.212586317,-3.722514366,-3.7142221,-3.501635783,-3.473677313,ns,ns,ns,wilcox,wilcox,,
P15121_SVTPER(pa)IAENFK_,AKR1B1,AKR1B1(R269),55,14,111,216,3.25E-08,0.638330107,3.44E-19,0.509211662,0.000133466,-0.129118445,5.02E-22,0.509211662,0.003749176,-0.129118445,-4.852837408,-4.214507301,-4.343625746,-4.343625746,up,up,ns,wilcox,wilcox,up,up
P15311_AQAR(pa)EEK_,EZR,EZR(R310),6,37,118,240,0.071405768,0.120127646,4.63E-05,0.476852063,1.23E-14,0.356724417,4.42E-05,0.46837462,9.78E-16,0.348246974,-4.372094074,-4.251966428,-3.903719454,-3.895242011,ns,up,up,wilcox,wilcox,,up
P15311_QLER(pa)QQLETEK_,EZR,EZR(R320),50,16,62,166,0.000313497,0.266972541,4.97E-05,0.166052165,0.009875317,-0.100920376,2.09E-09,0.248038467,0.141144224,-0.018934074,-2.399475633,-2.132503092,-2.151437166,-2.233423468,up,ns,ns,wilcox,wilcox,up,
P15311_TLR(pa)QIR(pa)QGNTK_,EZR,EZR(R569;R572),7,34,109,219,0.000734516,0.134293464,0.003588771,0.091893411,0.007222913,-0.042400053,0.005285034,0.091893411,0.00617046,-0.042400053,-3.782822787,-3.648529323,-3.690929376,-3.690929376,ns,ns,ns,wilcox,wilcox,,
P15311_VSAQEVR(pa)K_,EZR,EZR(R71),7,44,169,278,0.000115975,-0.408651596,5.10E-06,-0.789423263,2.24E-18,-0.380771667,7.32E-06,-0.789423263,6.69E-20,-0.380771667,-1.455767463,-1.864419059,-2.245190726,-2.245190726,down,down,down,wilcox,wilcox,down,down
P16401_ER(pa)NGLSLAALK_,H1-5,H1-5(R57),62,46,135,259,0.009472358,0.082701794,0.008495418,0.07485057,0.000862404,-0.007851224,0.000758133,0.07485057,0.581678195,-0.007851224,-4.820764497,-4.738062703,-4.745913927,-4.745913927,ns,ns,ns,wilcox,wilcox,,
P16422_SLR(pa)TALQK_,EPCAM,EPCAM(R163),82,31,103,211,8.60E-07,0.303850271,4.89E-15,0.393678808,0.000164501,0.089828537,7.10E-21,0.393678808,9.95E-05,0.089828537,-4.49066965,-4.186819379,-4.096990842,-4.096990842,up,up,ns,wilcox,wilcox,up,up
P16662_R(pa)VINDPSYK_,UGT2B7,UGT2B7(R431),36,45,181,342,1.20E-14,-0.748203895,1.65E-21,-0.610565552,1.07E-06,0.137638343,6.10E-22,-0.607803804,2.14E-09,0.140400092,-2.366561134,-3.114765029,-2.974364938,-2.977126686,down,down,ns,wilcox,wilcox,down,down
P18124_R(pa)R(pa)NFAELK_,RPL7,RPL7(R22;R23),89,1,18,90,0.089044321,-0.954630602,3.95E-07,-0.294594095,0.105263158,0.660036508,2.06E-06,-0.09104628,0.089665771,0.863584323,-1.460666513,-2.415297115,-1.551712793,-1.755260608,ns,down,ns,down in PRA,wilcox,down,down
P18206_NR(pa)NFTVEK_,VCL,VCL(R230),83,52,184,365,0.002466645,-0.057735249,1.15E-17,-0.206677633,1.01E-11,-0.148942384,1.63E-11,-0.16936199,1.27E-05,-0.111626741,-1.205207877,-1.262943126,-1.374569867,-1.41188551,ns,ns,ns,wilcox,wilcox,,
P19338_GQNQDYR(pa)GGK_,NCL,NCL(R474),60,23,155,310,0.034848496,-0.17050983,1.66E-05,-0.199874516,0.01713013,-0.029364686,5.54E-06,-0.199874516,0.318885141,-0.029364686,-3.910945038,-4.081454868,-4.110819554,-4.110819554,ns,ns,ns,wilcox,wilcox,,
P19827_R(pa)QAVDTAVDGVFIR_,ITIH1,ITIH1(R41),8,33,124,220,0.110811975,-0.1509698,0.290026881,-0.080216075,0.000910486,0.070753725,0.34359404,-0.080216075,0.000748198,0.070753725,-2.244344484,-2.395314284,-2.324560559,-2.324560559,ns,ns,ns,wilcox,wilcox,,
P19827_VTYDVSR(pa)DK_,ITIH1,ITIH1(R264),56,6,54,126,7.93E-05,0.734875126,7.49E-19,0.813039912,0.319814455,0.078164786,5.98E-26,0.713946707,0.899643754,-0.020928419,-2.139205077,-1.404329951,-1.42525837,-1.326165165,up,up,ns,wilcox,wilcox,up,up
P20962_R(pa)AAEEEDEADPK_,PTMS,PTMS(R81),71,15,64,158,0.109190354,0.023068245,9.89E-18,0.442148912,2.54E-07,0.419080667,5.93E-24,0.479705315,2.94E-08,0.45663707,-2.928383064,-2.905314819,-2.448677749,-2.486234152,ns,up,up,wilcox,wilcox,,up
P21333_AEISFEDR(pa)K_,FLNA,FLNA(R2288),48,32,122,233,2.83E-05,0.106648402,0.129353868,-0.003230533,6.86E-06,-0.109878935,0.091866501,0.020147184,0.052223068,-0.086501218,-2.569686526,-2.463038124,-2.549539342,-2.572917059,ns,ns,ns,wilcox,wilcox,,
P21333_AR(pa)GPGLEK_,FLNA,FLNA(R678),87,48,196,390,3.82E-16,0.434735675,3.24E-09,0.104941761,1.42E-25,-0.329793914,5.13E-11,0.112648473,7.16E-26,-0.322087203,-3.172313032,-2.737577357,-3.05966456,-3.067371271,up,ns,down,wilcox,wilcox,up,
P21333_R(pa)LTVSSLQESGLK_,FLNA,FLNA(R2334),30,40,165,336,0.013258293,0.112321312,7.53E-06,0.169342923,0.000425797,0.057021611,1.26E-07,0.172471142,8.00E-06,0.060149829,-3.102174381,-2.989853069,-2.92970324,-2.932831458,ns,ns,ns,wilcox,wilcox,,
P21333_VR(pa)AWGPGLEGGVVGK_,FLNA,FLNA(R580),72,33,142,286,0.017608074,0.058522263,0.000399715,0.059966921,0.062077157,0.001444658,0.027953864,0.059966921,0.478009781,0.001444658,-5.761932533,-5.70341027,-5.701965612,-5.701965612,ns,ns,ns,wilcox,wilcox,,
P21695_VAEAFAR(pa)TGK_,GPD1,GPD1(R279),30,26,102,218,3.26E-08,0.542847295,1.78E-13,0.666081396,2.74E-05,0.123234101,1.06E-15,0.742960856,3.27E-08,0.200113561,-1.922339262,-1.379491967,-1.179378407,-1.256257866,up,up,ns,wilcox,wilcox,up,up
P21796_SAR(pa)DVFTK_,VDAC1,VDAC1(R15),72,45,189,367,1.23E-18,-0.475119074,2.92E-31,-0.431453222,0.003831995,0.043665852,2.37E-34,-0.418501627,1.89E-05,0.056617447,-1.30618767,-1.781306744,-1.724689297,-1.737640892,down,down,ns,wilcox,wilcox,down,down
P21796_SR(pa)VTQSNFAVGYK_,VDAC1,VDAC1(R163),50,14,115,240,9.13E-05,0.298965152,1.50E-14,0.374917411,0.060325311,0.075952259,1.86E-16,0.374917411,0.100276358,0.075952259,-3.561342659,-3.262377507,-3.186425248,-3.186425248,up,up,ns,wilcox,wilcox,up,up
P21810_AFSPLR(pa)K_,BGN,BGN(R138),53,14,68,167,0.000618251,0.217229523,0.105893879,0.056290409,6.51E-07,-0.160939114,2.52E-06,0.174853107,0.372274889,-0.042376416,-4.769633409,-4.552403886,-4.594780302,-4.713343,ns,ns,ns,wilcox,wilcox,,
P22307_FSDR(pa)TIPTDK_,SCP2,SCP2(R136),54,36,107,208,1.05E-15,-0.68009276,3.22E-26,-0.624373976,6.18E-05,0.055718784,6.41E-30,-0.629382901,0.154677972,0.050709859,-1.861615862,-2.541708622,-2.490998763,-2.485989838,down,down,ns,wilcox,wilcox,down,down
P22626_TLETVPLER(pa)K_,HNRNPA2B1,HNRNPA2B1(R12),77,45,129,262,1.38E-07,-0.133354752,1.34E-21,-0.226358404,3.83E-10,-0.093003652,3.65E-08,-0.166983079,0.739349492,-0.033628327,-2.469443663,-2.602798415,-2.636426742,-2.695802067,ns,ns,ns,wilcox,wilcox,,
P22695_ANYR(pa)GGEIR_,UQCRC2,UQCRC2(R254),56,39,80,141,4.67E-05,0.171429283,2.31E-08,0.181326032,0.057374851,0.009896749,3.98E-09,0.181326032,0.994412047,0.009896749,-1.590107328,-1.418678045,-1.408781296,-1.408781296,ns,ns,ns,wilcox,wilcox,,
P23284_VLEGMEVVR(pa)K_,PPIB,PPIB(R180),90,43,175,352,2.70E-12,0.284018203,8.14E-07,0.093996178,5.74E-11,-0.190022025,0.016585931,0.060818928,7.35E-15,-0.223199276,-3.168401863,-2.88438366,-3.107582936,-3.074405685,up,ns,ns,wilcox,wilcox,up,
P23528_DR(pa)CTLAEK_,CFL1,CFL1(R146),71,3,41,119,0.332618484,0.27033603,1.82E-07,-0.097772423,0.348911733,-0.368108453,0.088948642,-0.020839432,0.328194032,-0.291175462,-3.194151057,-2.923815027,-3.214990489,-3.29192348,ns,ns,ns,down in PRA,wilcox,down,
P25705_AVDSLVPIGR(pa)GQR_,ATP5F1A,ATP5F1A(R204),86,8,128,279,0.100855844,0.051608726,2.27E-08,0.129798977,0.44673969,0.078190251,2.85E-06,0.09141035,0.803526566,0.039801624,-1.515374147,-1.463765421,-1.423963797,-1.38557517,ns,ns,ns,wilcox,wilcox,,
P25705_ISVR(pa)EPMQTGIK_,ATP5F1A,ATP5F1A(R186),80,52,187,370,0.152897348,0.005733349,0.002950175,0.044962237,0.001293103,0.039228888,0.002566991,0.044962237,0.001833152,0.039228888,-1.015386191,-1.009652842,-0.970423954,-0.970423954,ns,ns,ns,wilcox,wilcox,,
P25705_R(pa)LTDADAMK_,ATP5F1A,ATP5F1A(R262),98,48,185,380,2.54E-11,0.343220871,2.62E-22,0.389071541,0.001305434,0.04585067,3.61E-31,0.414294925,1.48E-05,0.071074054,-3.25297929,-2.909758419,-2.838684365,-2.863907749,up,up,ns,wilcox,wilcox,up,up
P25705_R(pa)STVAQLVK_,ATP5F1A,ATP5F1A(R253),84,36,145,296,2.25E-12,0.359732526,1.34E-26,0.392730927,0.023474986,0.032998401,2.98E-32,0.410126337,0.000272858,0.05039381,-2.629547767,-2.269815241,-2.219421431,-2.23681684,up,up,ns,wilcox,wilcox,up,up
P25705_VGSAAQTR(pa)AMK_,ATP5F1A,ATP5F1A(R424),3,24,131,246,0.004917535,-1.650501753,0.002752098,-2.113021008,4.77E-15,-0.462519255,0.002879908,-2.113021008,1.14E-15,-0.462519255,0.09515097,-1.555350783,-2.017870038,-2.017870038,down,down,down,others,up in RAA,,up
P26038_EALLQASR(pa)DQK_,MSN,MSN(R408),98,41,186,373,1.89E-14,-0.387079801,1.03E-29,-0.342090375,0.002909292,0.044989426,6.13E-35,-0.342090375,0.039986218,0.044989426,-1.736004706,-2.123084507,-2.078095081,-2.078095081,down,down,ns,wilcox,wilcox,down,down
P26038_VTAQDVR(pa)K_,MSN,MSN(R71),53,0,0,27,NA,NA,NA,NA,NA,NA,0.295278406,-0.042277895,NA,NA,-2.440893217,NA,-2.483171112,NA,NA,NA,NA,down in PRA,down in RAA,down,down
P27348_YLAEVACGDDR(pa)K_,YWHAQ,YWHAQ(R138),6,39,89,131,0.002311806,-0.094291738,4.28E-05,-0.097805281,0.000119572,-0.003513543,0.000414086,-0.097805281,0.000232099,-0.003513543,-1.480734987,-1.575026725,-1.578540268,-1.578540268,ns,ns,ns,wilcox,wilcox,,
P27824_GLVLMSR(pa)AK_,CANX,CANX(R125),91,50,190,379,5.95E-19,0.391267968,5.59E-37,0.380323331,0.005043724,-0.010944637,7.79E-45,0.400462464,0.475905988,0.009194496,-2.782146757,-2.390878789,-2.381684293,-2.401823426,up,up,ns,wilcox,wilcox,up,up
P29401_GR(pa)GITGVEDK_,TKT,TKT(R246),43,45,183,320,2.56E-05,-0.13373086,1.28E-20,-0.284632034,4.43E-13,-0.150901174,1.06E-18,-0.27968999,4.79E-11,-0.14595913,-2.78796737,-2.92169823,-3.06765736,-3.072599404,ns,down,ns,wilcox,wilcox,,down
P29972_SSDLTDR(pa)VK_,AQP1,AQP1(R241),80,37,162,317,1.65E-06,0.317976972,4.21E-17,0.243473492,0.095264493,-0.07450348,2.25E-21,0.259237875,0.252359964,-0.058739097,-2.733237158,-2.415260186,-2.473999283,-2.489763666,up,ns,ns,wilcox,wilcox,up,
P30038_AIEAALAAR(pa)K_,ALDH4A1,ALDH4A1(R113),11,35,126,215,0.149191588,-0.044572285,0.164658813,-0.057668854,0.077958232,-0.013096569,0.073549004,-0.068339374,0.007200285,-0.023767089,-0.857135747,-0.901708032,-0.925475121,-0.914804601,ns,ns,ns,wilcox,wilcox,,
P30041_R(pa)VATPVDWK_,PRDX6,PRDX6(R174),60,36,124,260,0.003261424,0.088833756,1.02E-10,0.171224293,2.85E-08,0.082390537,1.55E-13,0.171224293,2.49E-10,0.082390537,-2.826345686,-2.73751193,-2.655121393,-2.655121393,ns,ns,ns,wilcox,wilcox,,
P30043_VLR(pa)ESGLK_,BLVRB,BLVRB(R140),74,26,89,189,0.021966015,-0.063133541,1.58E-07,0.105179993,4.79E-07,0.168313534,7.84E-07,0.105179993,7.38E-07,0.168313534,-2.266135022,-2.329268563,-2.160955029,-2.160955029,ns,ns,ns,wilcox,wilcox,,
P30084_NNTVGLIQLNR(pa)PK_,ECHS1,ECHS1(R54),93,41,191,371,0.025517967,-0.066039931,6.50E-13,-0.22256738,5.17E-10,-0.156527449,1.31E-10,-0.201798006,6.58E-05,-0.135758075,-4.006852354,-4.072892285,-4.20865036,-4.229419734,ns,ns,ns,wilcox,wilcox,,
P30086_NR(pa)PTSISWDGLDSGK_,PEBP1,PEBP1(R49),61,38,149,289,1.88E-12,-0.479142686,2.07E-13,-0.301763801,5.22E-10,0.177378885,2.34E-13,-0.300817133,4.25E-11,0.178325553,-3.940945151,-4.420087837,-4.241762284,-4.242708952,down,down,ns,wilcox,wilcox,down,down
P30086_VASFR(pa)K_,PEBP1,PEBP1(R155),55,32,78,154,6.17E-09,-0.172276829,0.05391176,0.013374524,3.68E-12,0.185651353,0.005129289,0.014706557,1.11E-13,0.186983386,-4.413005717,-4.585282546,-4.39829916,-4.399631193,ns,ns,ns,wilcox,wilcox,,
P30101_LNFAVASR(pa)K_,PDIA3,PDIA3(R304),66,31,73,178,1.90E-15,-0.939667475,6.14E-25,-0.950965712,0.003308606,-0.011298237,2.61E-33,-0.852443665,0.06600838,0.08722381,-2.223506444,-3.163173919,-3.075950109,-3.174472156,down,down,ns,wilcox,wilcox,down,down
P31040_IYQR(pa)AFGGQSLK_,SDHA,SDHA(R171),61,36,167,339,1.20E-10,0.464264377,1.88E-14,0.292205547,7.06E-09,-0.17205883,9.33E-17,0.292927765,1.94E-07,-0.171336612,-3.278769853,-2.814505476,-2.985842088,-2.986564306,up,up,ns,wilcox,wilcox,up,up
P31327_EWPSNLDLR(pa)K_,CPS1,CPS1(R840),81,22,128,271,0.026224366,0.178084083,1.70E-05,-0.280196531,0.000943723,-0.458280614,0.507095047,0.022944155,0.747749062,-0.155139928,-2.328282993,-2.15019891,-2.305338838,-2.608479524,ns,down,down,wilcox,wilcox,,down
P31327_LR(pa)DADPILR_,CPS1,CPS1(R1319),65,7,102,213,0.291353105,-0.15863424,9.49E-08,0.25835791,0.001747805,0.41699215,2.74E-13,0.336072759,0.000238568,0.494706999,-2.353461641,-2.512095881,-2.017388882,-2.095103731,ns,ns,up,wilcox,wilcox,,
P31327_LSR(pa)SSALASK_,CPS1,CPS1(R721),18,23,121,223,0.000312178,-0.25480632,6.09E-06,-0.2272719,0.082252951,0.02753442,6.81E-05,-0.2272719,0.032643469,0.02753442,-1.648141461,-1.902947781,-1.875413361,-1.875413361,ns,ns,ns,wilcox,wilcox,,
P31513_SR(pa)NNEIILFK_,FMO3,FMO3(R346),53,35,160,326,3.04E-09,0.310307201,3.29E-23,0.446017615,4.00E-07,0.135710414,5.69E-24,0.434701545,3.92E-06,0.124394344,-4.338092636,-4.027785435,-3.903391092,-3.892075021,up,up,ns,wilcox,wilcox,up,up
P31930_NR(pa)PGSALEK_,UQCRC1,UQCRC1(R104),60,46,168,309,2.25E-14,0.368660558,5.40E-27,0.463883023,1.66E-08,0.095222465,3.47E-30,0.470067957,1.70E-10,0.101407399,-3.533007039,-3.164346481,-3.062939082,-3.069124016,up,up,ns,wilcox,wilcox,up,up
P35268_AGNLGGGVVTIER(pa)SK_,RPL22,RPL22(R65),18,36,53,105,0.000992648,-0.18355545,0.455936128,-0.001593315,1.99E-07,0.181962135,0.302675404,0.005620354,2.23E-10,0.189175804,-4.011299687,-4.194855137,-4.005679333,-4.012893002,ns,ns,ns,wilcox,wilcox,,
P35542_AEEWGR(pa)SGK_,SAA4,SAA4(R113),12,16,127,222,0.002262619,-0.099379869,1.16E-07,-0.22495051,4.58E-05,-0.125570641,7.00E-06,-0.176577755,0.035080139,-0.077197886,-3.245048841,-3.34442871,-3.421626596,-3.469999351,ns,ns,ns,wilcox,wilcox,,
P35579_AELER(pa)LNK_,MYH9,MYH9(R1497),59,6,60,158,0.311275649,-0.081063219,0.001142377,0.131258148,0.019605128,0.212321367,1.39E-08,0.216093897,0.00434306,0.297157115,-1.742791002,-1.823854221,-1.526697106,-1.611532854,ns,ns,ns,wilcox,wilcox,,
P35579_ASR(pa)EEILAQAK_,MYH9,MYH9(R1661),13,44,164,274,2.84E-08,1.130824369,4.83E-10,1.199136054,1.56E-06,0.068311685,8.76E-10,1.20526867,1.03E-09,0.0744443,-4.722741019,-3.59191665,-3.51747235,-3.523604965,up,up,ns,wilcox,wilcox,up,up
P35579_ER(pa)QAACK_,MYH9,MYH9(R1830),56,7,78,127,0.116864587,0.08109153,4.17E-18,0.329779054,0.000103112,0.248687524,1.77E-21,0.329779054,0.000126893,0.248687524,-0.755897806,-0.674806276,-0.426118752,-0.426118752,ns,up,ns,wilcox,wilcox,,up
P35579_NENAR(pa)QQLER_,MYH9,MYH9(R1780),62,28,86,172,0.142361813,0.025691148,0.000739631,0.059097406,0.018532612,0.033406258,3.23E-05,0.059097406,0.002798444,0.033406258,-2.193334356,-2.167643208,-2.13423695,-2.13423695,ns,ns,ns,wilcox,wilcox,,
P35579_R(pa)EQEVNILK_,MYH9,MYH9(R1165),95,48,191,392,1.37E-07,0.171137728,1.28E-12,0.159397556,0.04740949,-0.011740172,1.60E-21,0.212657092,0.100746766,0.041519364,-2.294648229,-2.123510501,-2.081991137,-2.135250673,ns,ns,ns,wilcox,wilcox,,
P35579_R(pa)QQQLTAMK_,MYH9,MYH9(R802),60,8,28,92,4.67E-06,-1.537955848,4.07E-14,-1.383685901,0.000141682,0.154269947,2.05E-25,-1.373672135,0.004181169,0.164283714,0.048645686,-1.489310162,-1.325026449,-1.335040215,down,down,ns,wilcox,wilcox,down,down
P35579_SR(pa)AIR(pa)QAK_,MYH9,MYH9(R263;R266),79,37,158,320,0.001974002,0.256962054,0.294985379,-0.001994172,1.55E-07,-0.258956226,0.120836891,0.064555314,0.007490509,-0.19240674,-2.638313903,-2.381351849,-2.573758589,-2.640308075,ns,ns,ns,wilcox,wilcox,,
P35579_VGR(pa)DYVQK_,MYH9,MYH9(R398),75,49,179,376,7.69E-16,0.527280275,9.04E-14,0.27696395,3.60E-17,-0.250316325,1.44E-16,0.27696395,6.91E-18,-0.250316325,-1.764446715,-1.23716644,-1.487482765,-1.487482765,up,up,ns,wilcox,wilcox,up,up
P35711_QR(pa)QQMELAK_,SOX5,SOX5(R235),55,13,47,122,1.27E-06,0.225600138,3.43E-17,0.303084658,0.000321576,0.07748452,2.74E-24,0.315937219,0.000145898,0.09033708,-4.289086489,-4.063486351,-3.973149271,-3.986001831,ns,up,ns,wilcox,wilcox,,up
P35749_ASR(pa)DEIFATAK_,MYH11,MYH11(R1668),90,55,178,365,4.82E-23,-0.579444052,1.84E-37,-0.461527027,1.33E-11,0.117917025,2.69E-39,-0.461527027,2.77E-14,0.117917025,-2.299248751,-2.878692803,-2.760775778,-2.760775778,down,down,ns,wilcox,wilcox,down,down
P35749_NESAR(pa)QQLER_,MYH11,MYH11(R1787),59,29,93,185,0.010291713,-0.075222689,1.98E-11,-0.195638351,1.78E-05,-0.120415662,0.00832866,-0.089484458,0.922496208,-0.014261769,-2.90498358,-2.980206269,-2.994468038,-3.100621931,ns,ns,ns,wilcox,wilcox,,
P35749_QR(pa)ALAAAAK_,MYH11,MYH11(R1612),14,36,182,339,3.61E-07,0.406719254,5.78E-09,0.386855077,0.006087761,-0.019864177,6.98E-09,0.386855077,0.211065642,-0.019864177,-2.753676407,-2.346957153,-2.36682133,-2.36682133,up,up,ns,wilcox,wilcox,up,up
P35749_R(pa)LVWVPSEK_,MYH11,MYH11(R34),80,41,104,213,2.21E-10,-0.294760921,0.000319511,0.073447277,1.01E-15,0.368208198,8.36E-05,0.073447277,1.71E-18,0.368208198,-2.637654375,-2.932415296,-2.564207098,-2.564207098,down,ns,up,wilcox,wilcox,down,
P35749_SILTPR(pa)IK_,MYH11,MYH11(R400),63,41,160,312,0.000179015,0.725415525,3.69E-06,0.6104091,2.74E-07,-0.115006425,4.54E-08,0.686560602,0.167890231,-0.038854924,-2.405486594,-1.680071069,-1.718925993,-1.795077494,up,up,ns,wilcox,wilcox,up,up
P35749_VGR(pa)DVVQK_,MYH11,MYH11(R405),97,49,200,400,4.19E-15,0.430986836,3.63E-22,0.337439125,1.13E-05,-0.093547711,1.13E-21,0.337439125,0.001710606,-0.093547711,-2.755886829,-2.324899993,-2.418447704,-2.418447704,up,up,ns,wilcox,wilcox,up,up
P35749_WILTR(pa)VNK_,MYH11,MYH11(R439),0,43,164,272,NA,NA,NA,NA,0.001744299,-0.039055741,NA,NA,0.020466388,-0.039055741,NA,-3.679344436,-3.718400177,-3.718400177,NA,NA,ns,up in PRA,up in RAA,up,up
P36542_DITR(pa)R(pa)LK_,ATP5F1C,ATP5F1C(R33;R34),60,41,130,243,5.52E-07,-0.208629545,9.70E-19,-0.279034298,0.000389691,-0.070404753,4.60E-22,-0.279034298,4.51E-05,-0.070404753,-1.994747146,-2.203376691,-2.273781444,-2.273781444,ns,down,ns,wilcox,wilcox,,down
P37802_ENPR(pa)NFSDNQLQEGK_,TAGLN2,TAGLN2(R160),73,50,191,369,7.39E-05,-0.179554065,1.51E-05,-0.115441375,4.36E-05,0.06411269,0.051024978,-0.115441375,5.14E-07,0.06411269,-4.107418867,-4.286972932,-4.222860242,-4.222860242,ns,ns,ns,wilcox,wilcox,,
P38646_LINR(pa)NTTIPTK_,HSPA9,HSPA9(R460),97,46,195,390,0.000528699,-0.140477923,0.000199301,-0.080398084,3.20E-05,0.060079839,9.83E-05,-0.080398084,0.000194917,0.060079839,-2.845555609,-2.986033532,-2.925953693,-2.925953693,ns,ns,ns,wilcox,wilcox,,
P38646_R(pa)ETGVDLTK_,HSPA9,HSPA9(R292),39,20,141,266,0.007492643,-0.125920407,9.34E-11,-0.22488848,0.00059194,-0.098968073,3.71E-10,-0.22488848,0.002186069,-0.098968073,-1.584563039,-1.710483446,-1.809451519,-1.809451519,ns,ns,ns,wilcox,wilcox,,
P39023_LLPLR(pa)QK_,RPL3,RPL3(R174),45,25,134,251,4.12E-11,0.402300877,2.28E-16,0.237792458,1.15E-07,-0.164508419,3.70E-18,0.237792458,2.02E-07,-0.164508419,-1.281983007,-0.87968213,-1.044190549,-1.044190549,up,ns,ns,wilcox,wilcox,up,
P40429_R(pa)GQAALDR(pa)LK_,RPL13A,RPL13A(R94;R101),93,49,139,294,8.78E-18,0.378343855,1.24E-27,0.376108347,0.03881477,-0.002235508,1.02E-37,0.376108347,0.10578421,-0.002235508,-2.335527781,-1.957183926,-1.959419434,-1.959419434,up,up,ns,wilcox,wilcox,up,up
P42765_ISR(pa)EECDK_,ACAA2,ACAA2(R176),80,37,115,250,2.81E-05,-0.096057296,1.48E-05,-0.05935464,0.001327412,0.036702656,0.020977058,-0.05935464,0.000264515,0.036702656,-1.679339201,-1.775396497,-1.738693841,-1.738693841,ns,ns,ns,wilcox,wilcox,,
P42765_YALQSQQR(pa)WK_,ACAA2,ACAA2(R189),2,25,107,192,0.147921683,0.086837434,0.01510243,0.285095071,1.46E-10,0.198257637,0.017005881,0.285095071,8.55E-12,0.198257637,-3.385310401,-3.298472967,-3.10021533,-3.10021533,ns,up,ns,others,up in RAA,,up
P42766_VELSQLR(pa)VAK_,RPL35,RPL35(R32),83,46,164,331,0.003153846,0.097306249,1.07E-10,0.141127616,0.008098193,0.043821367,1.23E-16,0.187431386,3.04E-05,0.090125137,-3.483951167,-3.386644918,-3.296519781,-3.342823551,ns,ns,ns,wilcox,wilcox,,
P45880_AAR(pa)DIFNK_,VDAC2,VDAC2(R26),60,48,186,353,1.83E-07,0.284408512,2.86E-12,0.320997432,0.036651978,0.03658892,7.11E-09,0.284752754,0.446041053,0.000344242,-1.939811445,-1.655402933,-1.655058691,-1.618814013,up,up,ns,wilcox,wilcox,up,up
P46776_R(pa)NQSFCPTVNLDK_,RPL27A,RPL27A(R65),16,30,135,231,5.51E-08,-0.70273403,3.26E-11,-0.539626008,1.28E-09,0.163108022,3.83E-11,-0.539626008,1.96E-10,0.163108022,-3.082263708,-3.784997738,-3.621889716,-3.621889716,down,down,ns,wilcox,wilcox,down,down
P46781_SR(pa)LDQELK_,RPS9,RPS9(R24),65,29,137,275,1.02E-14,-0.765298186,9.23E-31,-0.657112223,5.05E-07,0.108185963,1.69E-35,-0.655840521,2.00E-07,0.109457665,-1.800316892,-2.565615078,-2.456157413,-2.457429115,down,down,ns,wilcox,wilcox,down,down
P47897_ANNGICFLR(pa)_,QARS1,QARS1(R301),51,3,44,92,0.008007719,0.767324908,2.58E-07,0.226376051,0.13347466,-0.540948857,3.06E-15,0.419338811,0.386987217,-0.347986097,-1.350807151,-0.583482243,-0.93146834,-1.1244311,up,ns,ns,down in PRA,wilcox,down,
P47985_SSR(pa)ESSEAR(pa)K_,UQCRFS1,UQCRFS1(R104;R110),51,4,74,145,0.097485796,0.198873703,1.55E-19,0.508655501,0.002317642,0.309781799,7.01E-23,0.508655501,0.003445516,0.309781799,-3.939976846,-3.741103144,-3.431321345,-3.431321345,ns,up,up,down in PRA,wilcox,down,up
P48735_ATDFVADR(pa)AGTFK_,IDH2,IDH2(R188),89,50,182,372,6.31E-05,0.142184008,2.01E-05,0.09323571,8.54E-06,-0.048948298,5.60E-11,0.117178953,0.442201407,-0.025005055,-3.307548851,-3.165364843,-3.190369898,-3.214313141,ns,ns,ns,wilcox,wilcox,,
P50440_R(pa)VMVDANEVPIQK_,GATM,GATM(R369),95,46,201,399,8.86E-07,-0.210209534,0.017048241,0.04191676,6.33E-13,0.252126294,0.00520302,0.04191676,4.46E-14,0.252126294,-2.7892782,-2.999487734,-2.74736144,-2.74736144,ns,ns,ns,wilcox,wilcox,,
P50914_WAATR(pa)WAK_,RPL14,RPL14(R90),60,33,158,320,0.001769994,0.060146636,5.12E-07,0.091409566,0.001720529,0.03126293,5.32E-15,0.159784339,9.63E-08,0.099637702,-2.291358467,-2.231211831,-2.131574129,-2.199948901,ns,ns,ns,wilcox,wilcox,,
P50914_YVR(pa)QAWQK_,RPL14,RPL14(R74),86,42,181,367,5.64E-07,0.163463996,1.90E-18,0.226121683,1.61E-06,0.062657687,1.20E-20,0.226121683,1.34E-05,0.062657687,-1.901107847,-1.737643851,-1.674986164,-1.674986164,ns,ns,ns,wilcox,wilcox,,
P51888_IDQR(pa)VLEK_,PRELP,PRELP(R144),58,32,139,275,8.58E-06,0.093131383,6.13E-15,-0.13359583,2.29E-16,-0.226727213,8.76E-15,-0.13359583,1.44E-16,-0.226727213,-0.737324123,-0.64419274,-0.870919953,-0.870919953,ns,ns,ns,wilcox,wilcox,,
P51888_LTDR(pa)GLPK_,PRELP,PRELP(R281),81,25,151,301,2.44E-11,0.522246015,2.26E-33,0.614286745,0.005279348,0.09204073,6.97E-38,0.558957818,0.275392498,0.036711803,-1.889211813,-1.366965798,-1.330253995,-1.274925068,up,up,ns,wilcox,wilcox,up,up
P52209_SFLEDIR(pa)K_,PGD,PGD(R324),51,8,27,64,0.001137565,0.396683052,0.040065452,0.090161686,0.011601833,-0.306521366,2.35E-06,0.181397478,0.022982949,-0.215285574,-1.340586898,-0.943903847,-1.159189421,-1.250425212,up,ns,down,wilcox,wilcox,up,
P53999_TGETSR(pa)ALSSSK_,SUB1,SUB1(R47),61,19,78,163,1.76E-05,0.275113595,2.36E-11,0.284164801,0.120174475,0.009051206,4.37E-16,0.31087068,0.011967875,0.035757085,-3.668589317,-3.393475722,-3.357718637,-3.384424516,up,up,ns,wilcox,wilcox,up,up
P55084_TSNVAR(pa)EAALGAGFSDK_,HADHB,HADHB(R117),45,45,196,379,1.77E-12,0.440308217,3.16E-14,0.294727323,6.46E-08,-0.145580894,1.34E-17,0.336268632,0.000356913,-0.104039585,-4.24596811,-3.805659893,-3.909699478,-3.951240787,up,up,ns,wilcox,wilcox,up,up
P56470_WGSEER(pa)K_,LGALS4,LGALS4(R89),14,29,102,207,0.09101688,-0.107403508,0.001583768,-0.203827691,2.56E-05,-0.096424183,0.064449843,-0.127249961,0.588585687,-0.019846453,-2.952273099,-3.059676607,-3.07952306,-3.15610079,ns,ns,ns,wilcox,wilcox,,
P60174_LDER(pa)EAGITEK_,TPI1,TPI1(R172),92,49,144,292,0.136592757,0.001046612,0.002242762,-0.048394521,9.94E-07,-0.049441133,0.026771424,-0.04703996,0.00024591,-0.048086572,-3.298670338,-3.297623726,-3.345710298,-3.347064859,ns,ns,ns,wilcox,wilcox,,
P60709_IIAPPER(pa)K_,ACTB,ACTB(R335),14,27,118,234,1.07E-05,0.309250862,4.10E-09,0.414396889,0.001006873,0.105146027,1.41E-09,0.414396889,0.001419395,0.105146027,-4.226413718,-3.917162856,-3.812016829,-3.812016829,up,up,ns,wilcox,wilcox,up,up
P60866_GPVR(pa)MPTK_,RPS20,RPS20(R55),73,8,33,98,0.037779376,0.112951425,9.57E-12,0.281009996,0.002247009,0.168058571,4.46E-22,0.329702922,0.000846588,0.216751497,-2.338733422,-2.225781997,-2.0090305,-2.057723426,ns,up,ns,wilcox,wilcox,,up
P60866_TLR(pa)ITTR(pa)K_,RPS20,RPS20(R62;R66),62,21,115,250,0.000105669,-0.193614937,1.71E-08,-0.147069912,0.004718537,0.046545025,0.021827396,-0.064369945,0.000160793,0.129244993,-2.320429991,-2.514044928,-2.384799936,-2.467499903,ns,ns,ns,wilcox,wilcox,,
P60866_VCADLIR(pa)GAK_,RPS20,RPS20(R41),59,10,72,139,3.90E-05,0.168906272,0.002484351,-0.027111134,1.58E-06,-0.196017406,0.731713426,-0.015378271,0.006003841,-0.184284543,-2.862531888,-2.693625616,-2.877910159,-2.889643022,ns,ns,ns,wilcox,wilcox,,
P60903_DLDQCR(pa)DGK_,S100A10,S100A10(R63),96,43,178,374,0.009559027,-0.102005953,5.04E-05,0.0934726,1.08E-08,0.195478553,8.55E-06,0.0934726,2.00E-09,0.195478553,-4.028587054,-4.130593007,-3.935114454,-3.935114454,ns,ns,ns,wilcox,wilcox,,
P60903_EDLR(pa)VLMEK_,S100A10,S100A10(R32),0,42,92,159,NA,NA,NA,NA,9.51E-10,-0.512406775,NA,NA,5.47E-05,-0.512406775,NA,-4.003209087,-4.515615862,-4.515615862,NA,NA,down,up in PRA,others,up,
P61160_R(pa)LDIAGR_,ACTR2,ACTR2(R181),65,2,9,45,0.050786967,-0.504661413,0.006961843,0.155419538,0.043183092,0.660080951,7.23E-05,0.209127517,0.018240855,0.71378893,-1.641673915,-2.146335328,-1.432546398,-1.486254377,ns,ns,up,down in PRA,wilcox,down,
P61247_TLVTR(pa)TQGTK_,RPS3A,RPS3A(R51),43,29,147,263,1.05E-09,-0.521815889,6.86E-15,-0.410157997,0.000185488,0.111657892,2.28E-17,-0.438214463,0.008848264,0.083601426,-0.597711847,-1.119527736,-1.03592631,-1.007869844,down,down,ns,wilcox,wilcox,down,down
P61313_AR(pa)R(pa)LGYK_,RPL15,RPL15(R49;R50),9,28,88,177,0.047254883,0.055321581,0.268338328,0.050421973,0.154951689,-0.004899608,0.838837371,0.005381614,0.004044233,-0.049939967,-2.152332147,-2.097010566,-2.146950533,-2.101910174,ns,ns,ns,wilcox,wilcox,,
P61978_ELR(pa)ENTQTTIK_,HNRNPK,HNRNPK(R171),81,54,208,410,0.018349263,-0.057040945,8.19E-05,-0.082418485,0.006999341,-0.02537754,0.450622136,-0.029197567,0.057971422,0.027843378,-3.896337999,-3.953378944,-3.925535567,-3.978756484,ns,ns,ns,wilcox,wilcox,,
P61981_R(pa)ATVVESSEK_,YWHAG,YWHAG(R143),92,29,98,240,0.90540087,0.010388715,0.169038736,0.001653178,0.705467489,-0.008735537,0.004886041,0.030502071,0.162673007,0.020113357,-2.563653082,-2.553264367,-2.533151011,-2.561999904,ns,ns,ns,wilcox,wilcox,,
P62081_AQLR(pa)ELNITAAK_,RPS7,RPS7(R41),90,54,195,397,6.44E-20,0.432750556,7.94E-30,0.354154884,1.40E-05,-0.078595672,6.58E-37,0.367942816,0.000481463,-0.06480774,-3.780004899,-3.347254343,-3.412062083,-3.425850015,up,up,ns,wilcox,wilcox,up,up
P62241_YELGR(pa)PAANTK_,RPS8,RPS8(R31),50,13,84,196,0.265135083,0.059628484,0.071024307,0.041608733,0.222042722,-0.018019751,0.001050141,0.080707308,0.289802538,0.021078823,-3.013241791,-2.953613307,-2.932534484,-2.971633058,ns,ns,ns,wilcox,wilcox,,
P62249_GPLQSVQVFGR(pa)K_,RPS16,RPS16(R15),82,32,153,324,2.16E-14,0.691867367,4.39E-30,0.656660361,0.01027428,-0.035207006,4.58E-36,0.656660361,0.690643818,-0.035207006,-4.687893544,-3.996026177,-4.031233183,-4.031233183,up,up,ns,wilcox,wilcox,up,up
P62258_YLAEFATGNDR(pa)K_,YWHAE,YWHAE(R141),80,51,191,373,0.006000287,-0.080545404,0.025655214,-0.032020907,0.000567922,0.048524497,0.706213782,-0.008648525,3.18E-06,0.071896879,-0.648719192,-0.729264596,-0.657367717,-0.680740099,ns,ns,ns,wilcox,wilcox,,
P62280_R(pa)VLLGETGK_,RPS11,RPS11(R22),35,37,137,249,5.99E-05,0.222715926,2.73E-06,0.192050064,0.004378714,-0.030665862,5.29E-09,0.203621113,0.575510323,-0.019094813,-2.155991258,-1.933275332,-1.952370145,-1.963941194,ns,ns,ns,wilcox,wilcox,,
P62753_R(pa)QEQIAK_,RPS6,RPS6(R224),60,28,70,120,1.40E-08,0.947900071,8.36E-12,0.725903241,0.001753978,-0.22199683,1.94E-14,0.725903241,0.001469381,-0.22199683,-3.27268217,-2.324782099,-2.546778929,-2.546778929,up,up,ns,wilcox,wilcox,up,up
P62805_LAR(pa)R(pa)GGVK_,H4C1,H4-16(R40;R41),70,49,118,226,0.011351214,-0.075013469,1.16E-16,-0.240365631,8.11E-09,-0.165352162,0.060394367,-0.132835157,0.90231504,-0.057821688,-3.642684595,-3.717698064,-3.775519752,-3.883050226,ns,ns,ns,wilcox,wilcox,,
P62805_R(pa)ISGLIYEETR_,H4C1,H4-16(R46),48,18,124,252,0.000142887,0.143343223,2.75E-14,0.251006463,0.000117771,0.10766324,1.33E-16,0.253710895,2.61E-05,0.110367672,-2.08753066,-1.944187437,-1.833819766,-1.836524197,ns,ns,ns,wilcox,wilcox,,
P62805_RQGR(pa)TLYGFGG_,H4C1,H4-16(R96),63,11,64,171,0.000118786,0.165327172,0.002849521,0.072013982,0.025427637,-0.09331319,6.01E-12,0.193410409,0.896554843,0.028083237,-0.835101764,-0.669774592,-0.641691355,-0.763087782,ns,ns,ns,wilcox,wilcox,,
P62805_VLR(pa)DNIQGITK_,H4C1,H4-16(R24),79,40,131,285,0.135413795,0.032056939,0.005983196,-0.036445731,4.37E-05,-0.06850267,0.054398611,0.053732179,0.527385904,0.02167524,-4.57969915,-4.547642211,-4.525966971,-4.616144881,ns,ns,ns,wilcox,wilcox,,
P62820_R(pa)MGPGATAGGAEK_,RAB1A,RAB1A(R175),62,3,23,78,0.003716828,-0.798555074,5.95E-07,-0.24594086,0.004516404,0.552614214,0.003902164,-0.175014636,0.003517311,0.623540439,-2.118811184,-2.917366258,-2.29382582,-2.364752044,down,ns,up,down in PRA,wilcox,down,
P62834_YDPTIEDSYR(pa)K_,RAP1A,RAP1A(R41),78,43,75,173,4.52E-15,-0.359097755,9.92E-12,-0.134917736,6.30E-10,0.224180019,3.76E-22,-0.228573998,0.030411905,0.130523757,-0.150061951,-0.509159706,-0.378635949,-0.284979687,down,ns,ns,wilcox,wilcox,down,
P62913_R(pa)R(pa)TGCIGAK_,RPL11,RPL11(R146;R147),37,43,127,222,0.005880607,-0.109906529,4.96E-06,-0.180762794,0.00076953,-0.070856265,0.005552083,-0.12907783,0.877648125,-0.019171301,-2.572266518,-2.682173047,-2.701344348,-2.753029312,ns,ns,ns,wilcox,wilcox,,
P62937_FGSR(pa)NGK_,PPIA,PPIA(R148),62,8,96,201,4.30E-06,0.948170615,5.10E-26,0.841302985,0.013926202,-0.10686763,1.94E-32,0.922640155,0.270921551,-0.02553046,-4.692268666,-3.744098052,-3.769628511,-3.850965681,up,up,ns,wilcox,wilcox,up,up
P62937_TAENFR(pa)ALSTGEK_,PPIA,PPIA(R37),89,48,194,390,0.000424858,-0.089897916,1.26E-19,-0.169365829,1.95E-08,-0.079467913,1.36E-18,-0.162376774,2.48E-06,-0.072478858,-4.981571112,-5.071469028,-5.143947886,-5.150936941,ns,ns,ns,wilcox,wilcox,,
P63096_NLR(pa)EDGEK_,GNAI1,GNAI1(R24),71,25,134,271,0.20886605,0.031634102,0.000237547,0.0815465,0.032945278,0.049912398,0.000208504,0.0815465,0.046717665,0.049912398,-2.600701942,-2.56906784,-2.519155442,-2.519155442,ns,ns,ns,wilcox,wilcox,,
P63261_GYSFTTTAER(pa)EIVR_,ACTG1,ACTG1(R206),72,15,32,59,0.07893457,-0.081846785,0.000152518,0.150732286,5.39E-06,0.232579071,1.15E-07,0.150732286,4.88E-07,0.232579071,-2.020001776,-2.101848561,-1.86926949,-1.86926949,ns,ns,ns,wilcox,wilcox,,
P63261_IIAPPER(pa)K_,ACTG1,ACTG1(R335),82,23,82,165,0.122682139,-0.055720292,2.09E-14,0.219665385,5.99E-11,0.275385677,5.81E-23,0.252091449,1.38E-12,0.307811741,-2.956147913,-3.011868205,-2.704056464,-2.736482528,ns,ns,up,wilcox,wilcox,,
P63261_ILTER(pa)GYSFTTTAER_,ACTG1,ACTG1(R196),65,10,47,96,3.42E-07,0.5342667,1.93E-16,0.420327868,0.00042066,-0.113938832,2.59E-17,0.34179506,2.38E-05,-0.192471641,-4.166211624,-3.631944924,-3.824416565,-3.745883756,up,up,ns,wilcox,wilcox,up,up
P63267_CDIDIR(pa)K_,ACTG2,ACTG2(R291),48,36,139,271,3.13E-09,-0.238688763,1.36E-07,-0.116268603,2.80E-08,0.12242016,0.000725854,-0.102954451,1.74E-11,0.135734312,-2.290170845,-2.528859608,-2.393125296,-2.406439448,ns,ns,ns,wilcox,wilcox,,
P67936_AEFAER(pa)TVAK_,TPM4,TPM4(R208),76,13,67,157,4.51E-07,-0.421799371,1.07E-15,-0.345624657,0.000382171,0.076174714,4.77E-16,-0.317447017,0.000111793,0.104352354,-2.447324396,-2.869123767,-2.764771413,-2.792949053,down,down,ns,wilcox,wilcox,down,down
P84098_GTANAR(pa)MPEK_,RPL19,RPL19(R88),9,5,81,168,0.019863261,-0.342430162,0.001626668,-0.307286996,0.249510591,0.035143166,0.003682814,-0.244665327,0.026572817,0.097764835,-1.880311539,-2.222741701,-2.124976866,-2.187598535,down,down,ns,wilcox,wilcox,down,down
Q00325_EDGVR(pa)GLAK_,SLC25A3,SLC25A3(R117),78,12,105,237,0.000214647,0.345548965,5.17E-12,0.277244742,0.011784324,-0.068304223,9.32E-14,0.277244742,0.01625038,-0.068304223,-2.725699113,-2.380150148,-2.448454371,-2.448454371,up,up,ns,wilcox,wilcox,up,up
Q00796_ESPQEIAR(pa)K_,SORD,SORD(R234),79,45,190,365,0.000212051,0.127334328,4.26E-12,0.24402738,9.63E-06,0.116693052,3.30E-06,0.19648635,0.355774297,0.069152022,-1.874722041,-1.747387713,-1.678235691,-1.630694661,ns,ns,ns,wilcox,wilcox,,
Q00839_FIEIAAR(pa)K_,HNRNPU,HNRNPU(R572),31,16,109,206,0.001061222,0.203544577,4.79E-10,0.325097846,0.000476761,0.121553269,8.70E-12,0.325097846,5.11E-05,0.121553269,-3.459519813,-3.255975236,-3.134421967,-3.134421967,ns,up,ns,wilcox,wilcox,,up
Q01082_EIFGR(pa)IQDK_,SPTBN1,SPTBN1(R1820),25,37,140,255,1.23E-06,-0.190173753,8.84E-06,-0.119176527,0.00047025,0.070997226,2.62E-05,-0.119176527,0.000352437,0.070997226,-1.545104759,-1.735278512,-1.664281286,-1.664281286,ns,ns,ns,wilcox,wilcox,,
Q01082_NR(pa)EASLGEASK_,SPTBN1,SPTBN1(R1054),93,31,150,318,2.35E-05,0.234627587,0.164363769,-0.020487075,3.67E-06,-0.255114662,3.02E-05,0.106408744,0.179282617,-0.128218843,-2.082471366,-1.847843779,-1.976062622,-2.102958441,ns,ns,ns,wilcox,wilcox,,
Q01518_EVITFR(pa)EK_,CAP1,CAP1(R119),54,14,92,181,0.038950143,0.045603381,3.24E-14,0.251305069,9.76E-05,0.205701688,2.21E-18,0.25327319,1.17E-05,0.207669809,-2.974425592,-2.928822211,-2.721152402,-2.723120523,ns,ns,ns,wilcox,wilcox,,
Q01995_GPSYGMSR(pa)EVQSK_,TAGLN,TAGLN(R12),96,51,202,401,0.000208577,-0.109263744,5.74E-05,-0.069014207,0.006667852,0.040249537,0.661742199,0.002531643,1.97E-08,0.111795387,-4.550369672,-4.659633416,-4.547838029,-4.619383879,ns,ns,ns,wilcox,wilcox,,
Q01995_R(pa)EFTESQLQEGK_,TAGLN,TAGLN(R161),97,56,210,422,1.59E-07,0.190771207,0.001810084,-0.068160416,9.77E-20,-0.258931623,0.256609244,-0.06725021,9.41E-19,-0.258021417,-5.833369201,-5.642597994,-5.900619411,-5.901529617,ns,ns,ns,wilcox,wilcox,,
Q02252_EGASILLDGR(pa)K_,ALDH6A1,ALDH6A1(R386),89,16,83,190,1.84E-10,0.735241238,1.91E-26,0.444638833,1.22E-08,-0.290602405,9.89E-37,0.497155502,6.24E-07,-0.238085736,-3.303964858,-2.56872362,-2.806809356,-2.859326025,up,up,down,wilcox,wilcox,up,up
Q02252_ER(pa)VCNLIDSGTK_,ALDH6A1,ALDH6A1(R366),44,19,155,299,0.003026444,0.135232123,4.04E-13,0.273754362,1.21E-06,0.138522239,1.37E-13,0.273754362,1.13E-05,0.138522239,-4.338761,-4.203528877,-4.065006638,-4.065006638,ns,up,ns,wilcox,wilcox,,up
Q02543_VVGR(pa)CLPTPK_,RPL18A,RPL18A(R15),70,35,136,286,1.47E-05,0.146412662,6.02E-06,0.121833494,0.084226699,-0.024579168,2.12E-12,0.203812385,0.201099282,0.057399723,-3.006097482,-2.85968482,-2.802285098,-2.884263988,ns,ns,ns,wilcox,wilcox,,
Q03135_EIDLVNR(pa)DPK_,CAV1,CAV1(R54),77,45,108,243,2.50E-06,0.152825894,5.85E-24,0.386504246,8.30E-12,0.233678352,2.43E-29,0.386504246,1.55E-14,0.233678352,-1.487054275,-1.334228381,-1.100550029,-1.100550029,ns,up,ns,wilcox,wilcox,,up
Q04828_R(pa)EDIFYTSK_,AKR1C1,AKR1C1(R76),45,16,114,212,0.007624567,0.073768234,6.84E-20,0.318213346,9.49E-10,0.244445112,3.45E-22,0.318213346,4.59E-10,0.244445112,-4.024488534,-3.9507203,-3.706275188,-3.706275188,ns,up,ns,wilcox,wilcox,,up
Q06323_YFSER(pa)GDAVTK_,PSME1,PSME1(R181),90,52,205,404,6.93E-16,-0.35121325,2.50E-14,-0.214198397,2.92E-14,0.137014853,4.09E-15,-0.214198397,1.26E-14,0.137014853,-2.700208497,-3.051421747,-2.914406894,-2.914406894,down,ns,ns,wilcox,wilcox,down,
Q06830_R(pa)TIAQDYGVLK_,PRDX1,PRDX1(R110),97,50,191,388,1.06E-12,0.306849983,1.21E-13,0.151479089,6.43E-16,-0.155370894,1.06E-16,0.159192499,2.89E-12,-0.147657484,-3.473878323,-3.16702834,-3.314685824,-3.322399234,up,ns,ns,wilcox,wilcox,up,
Q09666_FGVSTGR(pa)EGQTPK_,AHNAK,AHNAK(R320),70,30,150,283,3.53E-09,0.283216178,6.45E-17,0.235347781,0.002295725,-0.047868397,1.80E-19,0.235347781,0.001600872,-0.047868397,-2.627280529,-2.344064351,-2.391932748,-2.391932748,up,ns,ns,wilcox,wilcox,up,
Q13813_ELSTLR(pa)R(pa)QK_,SPTAN1,SPTAN1(R36;R37),52,38,150,312,4.83E-05,-0.142710947,0.001165619,-0.079976531,2.17E-05,0.062734416,0.606596701,0.004435561,2.58E-10,0.147146508,-2.345999376,-2.488710323,-2.341563816,-2.425975907,ns,ns,ns,wilcox,wilcox,,
Q14624_IQQTR(pa)EALIK_,ITIH4,ITIH4(R294),11,43,112,204,1.49E-07,-0.75830796,3.17E-08,-0.646660822,7.98E-10,0.111647138,5.84E-08,-0.646660822,8.14E-12,0.111647138,-1.945014181,-2.703322141,-2.591675003,-2.591675003,down,down,ns,wilcox,wilcox,down,down
Q14764_SLQPLAPR(pa)NK_,MVP,MVP(R452),2,37,99,190,0.015245293,-0.516895263,0.010103679,-0.454026479,1.34E-06,0.062868784,0.014312195,-0.425391486,4.56E-10,0.091503778,-1.788610793,-2.305506056,-2.214002279,-2.242637272,down,down,ns,up in PRA,others,up,
Q14914_WQGDAR(pa)QK_,PTGR1,PTGR1(R280),66,3,19,72,0.003452195,-0.405597729,0.095047888,-0.094572847,0.04428267,0.311024882,0.00285571,-0.006748137,0.032941295,0.398849593,-0.398658731,-0.80425646,-0.405406868,-0.493231578,down,ns,up,down in PRA,wilcox,down,
Q15582_VIGTNR(pa)K_,TGFBI,TGFBI(R59),62,24,64,150,3.26E-05,-0.150954391,6.91E-10,-0.159598791,0.033013464,-0.0086444,5.08E-08,-0.134812514,0.412582384,0.016141878,-1.74093659,-1.891890981,-1.875749104,-1.900535381,ns,ns,ns,wilcox,wilcox,,
Q15836_VLER(pa)DQK_,VAMP3,VAMP3(R39),50,25,66,120,0.126399928,0.061670084,5.52E-07,0.236417077,5.31E-07,0.174746993,2.41E-05,0.235338789,0.000204018,0.173668705,-0.966731516,-0.905061432,-0.731392728,-0.730314439,ns,ns,ns,wilcox,wilcox,,
Q15911_R(pa)ALPFR(pa)K_,ZFHX3,ZFHX3(R1523;R1528),29,33,59,108,1.32E-11,1.085563287,6.53E-14,0.550539309,1.20E-11,-0.535023978,1.16E-15,0.550539309,1.43E-09,-0.535023978,-2.092620188,-1.007056901,-1.542080879,-1.542080879,up,up,down,wilcox,wilcox,up,up
Q16822_DVAR(pa)VESK_,PCK2,PCK2(R104),84,35,105,214,3.53E-06,0.272384704,8.43E-10,0.255850567,0.006094645,-0.016534137,3.89E-12,0.255850567,0.566791321,-0.016534137,-1.615542961,-1.343158257,-1.359692394,-1.359692394,up,ns,ns,wilcox,wilcox,up,
Q16822_R(pa)YVAAAFPSACGK_,PCK2,PCK2(R296),51,46,132,258,5.37E-06,0.237228397,9.79E-16,0.307721674,0.008534214,0.070493277,5.20E-14,0.295833794,0.095357875,0.058605397,-3.635614049,-3.398385652,-3.339780256,-3.327892375,ns,up,ns,wilcox,wilcox,,up
Q16851_R(pa)EFPTVPLVK_,UGP2,UGP2(R422),0,40,63,101,NA,NA,NA,NA,9.71E-16,0.299345481,NA,NA,4.07E-17,0.299345481,NA,-3.08323242,-2.783886939,-2.783886939,NA,NA,up,up in PRA,others,up,
Q16851_SR(pa)FVQDLSK_,UGP2,UGP2(R3),6,30,78,132,9.62E-05,1.029971995,9.17E-06,0.953576165,0.00030908,-0.07639583,2.52E-05,0.953576165,4.66E-05,-0.07639583,-2.87601147,-1.846039475,-1.922435305,-1.922435305,up,up,ns,wilcox,wilcox,up,up
Q53GQ0_VVLISR(pa)SK_,HSD17B12,HSD17B12(R82),53,7,45,116,0.180346198,-0.063565269,3.27E-05,-0.090513553,0.845237913,-0.026948284,0.021274531,-0.056026709,0.479503267,0.007538559,-2.428355149,-2.491920418,-2.484381859,-2.518868702,ns,ns,ns,wilcox,wilcox,,
Q5SSJ5_R(pa)ELNR(pa)GVIK_,HP1BP3,HP1BP3(R209;R213),50,19,92,170,0.000830484,0.271550748,0.000223083,0.19830931,0.0043371,-0.073241438,2.19E-06,0.207062565,0.724044533,-0.064488183,-0.428333997,-0.156783249,-0.221271432,-0.230024687,up,ns,ns,wilcox,wilcox,up,
Q5VTE0_R(pa)GNVAGDSK_,EEF1A1P5,EEF1A1P5(R322),51,17,106,204,0.306700072,0.087578123,0.000695188,-0.244342752,0.00065397,-0.331920875,0.640883395,0.009847764,0.622432674,-0.077730358,-2.34124909,-2.253670967,-2.331401326,-2.585591842,ns,ns,down,wilcox,wilcox,,
Q6NZI2_VR(pa)TR(pa)ENLEK_,CAVIN1,CAVIN1(R247;R249),56,10,93,179,0.108332247,0.080948263,0.007396484,0.091439371,0.17228571,0.010491108,0.000418807,0.093779735,0.075198017,0.012831472,-2.908063213,-2.82711495,-2.814283478,-2.816623842,ns,ns,ns,wilcox,wilcox,,
Q7Z4W1_TMLNR(pa)IPLGK_,DCXR,DCXR(R203),38,48,171,307,0.019441147,0.083500306,1.38E-06,0.165785382,0.000316117,0.082285076,4.62E-08,0.165785382,3.80E-06,0.082285076,-3.17907301,-3.095572704,-3.013287628,-3.013287628,ns,ns,ns,wilcox,wilcox,,
Q8N6R1_NITQR(pa)GNVAK_,SERP2,SERP2(R21),6,41,114,201,0.00036882,0.872417678,4.28E-05,1.090626233,0.001150419,0.218208555,7.74E-05,1.090626233,0.114591984,0.218208555,-3.714831077,-2.842413399,-2.624204844,-2.624204844,up,up,ns,wilcox,wilcox,up,up
Q96I99_ACR(pa)ELELK_,SUCLG2,SUCLG2(R381),29,40,125,240,0.000391248,0.185494772,2.09E-08,0.245315333,6.10E-09,0.059820561,7.83E-10,0.262625817,7.70E-11,0.077131045,-2.963767887,-2.778273115,-2.701142071,-2.718452554,ns,ns,ns,wilcox,wilcox,,
Q96J94_ADGSEVSFLEYYR(pa)_,PIWIL1,PIWIL1(R347),5,14,112,210,0.001309568,-0.804529407,0.030870926,-0.140651589,1.32E-09,0.663877818,0.008839468,-0.208872851,6.57E-10,0.595656556,4.311220872,3.506691465,4.102348021,4.170569283,down,ns,up,wilcox,wilcox,down,
Q96QK1_ELTR(pa)LLK_,VPS35,VPS35(R400),50,7,64,130,0.018395401,0.236972606,3.90E-07,0.283971757,0.117925034,0.046999151,3.87E-08,0.288127012,0.145378334,0.051154406,-4.062439116,-3.82546651,-3.774312104,-3.778467359,ns,up,ns,wilcox,wilcox,,up
Q99878_TR(pa)SSR(pa)AGLQFPVGR_,H2AC14,H2AC14(R18;R21),93,44,169,338,0.385688476,-4.51E-05,6.68E-33,0.347671891,2.95E-20,0.347717013,5.81E-34,0.329109369,6.29E-19,0.329154491,-2.985528649,-2.985573771,-2.656419281,-2.637856758,ns,up,up,wilcox,wilcox,,up
Q99879_R(pa)STITSR(pa)EIQTAVR_,H2BC14,H2BC14(R87;R93),47,33,109,224,0.011208211,-0.062400769,4.84E-10,0.277906257,1.63E-13,0.340307026,5.81E-09,0.269944677,8.57E-12,0.332345446,-1.942446839,-2.004847608,-1.672502162,-1.664540582,ns,up,up,wilcox,wilcox,,up
Q99880_R(pa)STITSR(pa)EIQTAVR_,H2BC13,H2BC13(R87;R93),50,15,81,162,0.006017526,-0.144655163,0.030820583,0.038373775,0.001325212,0.183028938,0.039594199,0.038373775,0.002212191,0.183028938,-0.952676325,-1.097331488,-0.91430255,-0.91430255,ns,ns,ns,wilcox,wilcox,,
Q9BTM1_SR(pa)SSR(pa)AGLQFPVGR_,H2AJ,H2AJ(R18;R21),59,40,177,314,3.33E-15,0.524345833,1.06E-26,0.491437909,0.000102907,-0.032907924,4.07E-27,0.491437909,7.11E-05,-0.032907924,-1.397452984,-0.873107151,-0.906015075,-0.906015075,up,up,ns,wilcox,wilcox,up,up
Q9BUT1_IQAR(pa)GNPEEAR_,BDH2,BDH2(R192),56,3,6,29,0.020470492,-0.246722245,0.03776341,-0.079508207,0.027531894,0.167214038,0.378949595,0.006748957,0.01005149,0.253471202,-1.188884137,-1.435606382,-1.18213518,-1.268392344,ns,ns,ns,down in PRA,wilcox,down,
Q9H1E3_NVR(pa)QQR(pa)QAASK_,NUCKS1,NUCKS1(R90;R93),16,28,131,218,2.25E-07,0.317934352,3.38E-11,0.548792829,7.51E-12,0.230858477,2.30E-11,0.548792829,1.19E-12,0.230858477,-2.302677461,-1.984743109,-1.753884632,-1.753884632,up,up,ns,wilcox,wilcox,up,up
Q9H299_VYSTSVTGSR(pa)EIK_,SH3BGRL3,SH3BGRL3(R15),9,21,95,180,0.288898384,-0.023592653,0.29802116,0.027064544,0.000136678,0.050657197,0.241543547,0.027064544,6.74E-05,0.050657197,-2.40741484,-2.431007493,-2.380350296,-2.380350296,ns,ns,ns,wilcox,wilcox,,
Q9NZN4_R(pa)GGAR(pa)GQQPEAIR_,EHD2,EHD2(R7;R11),66,13,49,119,0.304257734,-0.023111722,1.16E-09,0.21701833,2.54E-08,0.240130052,1.29E-14,0.21701833,5.34E-08,0.240130052,-3.701465856,-3.724577578,-3.484447526,-3.484447526,ns,ns,ns,wilcox,wilcox,,
Q9UBQ7_R(pa)ILDAAGANLK_,GRHPR,GRHPR(R66),83,40,171,364,4.59E-07,0.135717734,4.43E-21,0.183012947,0.009759519,0.047295213,1.20E-25,0.199948129,0.000861941,0.064230395,-3.166607519,-3.030889785,-2.96665939,-2.983594572,ns,ns,ns,wilcox,wilcox,,
Q9UL46_VLER(pa)VNAVK_,PSME2,PSME2(R149),65,46,97,205,0.003640747,0.052467987,1.02E-22,0.244977918,2.49E-15,0.192509931,1.56E-26,0.244977918,2.48E-16,0.192509931,-2.775392845,-2.722924858,-2.530414927,-2.530414927,ns,ns,ns,wilcox,wilcox,,
Q9UL46_YFSER(pa)GDAVAK_,PSME2,PSME2(R171),94,32,165,344,0.208751565,-0.019709286,7.13E-07,-0.10457796,0.001424129,-0.084868674,0.018433218,-0.046785502,0.42657162,-0.027076216,-2.983146328,-3.002855614,-3.02993183,-3.087724288,ns,ns,ns,wilcox,wilcox,,
Q9UM07_LLLASPR(pa)SCYK_,PADI4,PADI4(R495),89,20,131,272,8.04E-10,0.403227904,5.67E-26,0.352640705,0.03766199,-0.050587199,5.66E-33,0.37262233,0.560455765,-0.030605574,-3.776702591,-3.373474687,-3.404080261,-3.424061886,up,up,ns,wilcox,wilcox,up,up
Q9UM07_R(pa)VMGPDFGYVTR_,PADI4,PADI4(R383),71,23,86,190,2.28E-08,0.385386035,6.66E-17,0.337837409,0.024899084,-0.047548626,4.29E-24,0.347848881,0.841742894,-0.037537155,-2.237858127,-1.852472092,-1.890009247,-1.900020718,up,up,ns,wilcox,wilcox,up,up
Q9UM07_VR(pa)VFQATR(pa)GK_,PADI4,PADI4(R212;R218),97,54,188,381,1.74E-22,0.617415598,1.80E-40,0.735511826,1.14E-05,0.118096228,1.94E-48,0.735511826,7.80E-07,0.118096228,-3.040049031,-2.422633433,-2.304537205,-2.304537205,up,up,ns,wilcox,wilcox,up,up
Q9UNL2_R(pa)EDAVSK_,SSR3,SSR3(R92),66,28,79,160,3.47E-06,0.20152695,6.76E-16,0.314466433,8.65E-08,0.112939483,1.90E-20,0.318571673,3.24E-09,0.117044723,-3.061758081,-2.860231131,-2.743186409,-2.747291648,ns,up,ns,wilcox,wilcox,,up
Q9Y2J8_DMSQMILR(pa)TK_,PADI2,PADI2(R187),98,47,198,394,1.05E-14,-0.421666725,1.57E-31,-0.409931024,0.004485042,0.011735701,1.37E-31,-0.381971729,3.85E-05,0.039694996,-3.649098077,-4.070764802,-4.031069806,-4.059029101,down,down,ns,wilcox,wilcox,down,down
Q9Y2J8_EDCR(pa)DEK_,PADI2,PADI2(R168),12,46,130,259,3.34E-06,0.418468345,3.67E-06,0.336497383,1.71E-05,-0.081970962,6.10E-07,0.375749444,0.43248885,-0.042718901,-8.344396453,-7.925928108,-7.968647009,-8.00789907,up,up,ns,wilcox,wilcox,up,up
Q9Y2J8_FLGEVHCGTNVR(pa)_,PADI2,PADI2(R652),48,21,102,214,0.182690533,0.01759255,5.80E-09,0.13252028,4.63E-09,0.11492773,9.66E-11,0.13252028,1.12E-08,0.11492773,-2.109893712,-2.092301162,-1.977373432,-1.977373432,ns,ns,ns,wilcox,wilcox,,
Q9Y2J8_GFPVVLDSPR(pa)DGNLK_,PADI2,PADI2(R373),16,43,149,263,1.12E-05,-0.526869852,0.013101122,-0.203539045,2.17E-16,0.323330807,0.02630603,-0.189232638,1.10E-18,0.337637214,-8.210681691,-8.737551543,-8.399914329,-8.414220736,down,ns,up,wilcox,wilcox,down,
Q9Y2J8_QR(pa)WLLSPSTTLR_,PADI2,PADI2(R68),51,11,74,160,0.029094241,0.200780443,0.068857926,-0.059628873,3.22E-05,-0.260409316,0.221351893,-0.059628873,0.000156653,-0.260409316,-1.95702513,-1.756244687,-2.016654003,-2.016654003,ns,ns,ns,wilcox,wilcox,,
Q9Y2J8_VCFQYLNR(pa)GDR_,PADI2,PADI2(R344),86,52,204,405,0.05756865,-0.033383462,1.88E-10,0.147079989,1.83E-16,0.180463451,1.73E-12,0.147079989,3.52E-18,0.180463451,-2.933300259,-2.966683721,-2.78622027,-2.78622027,ns,ns,ns,wilcox,wilcox,,
Q9Y2J8_VVR(pa)DFLK_,PADI2,PADI2(R448),99,48,205,409,3.92E-05,0.097763976,5.94E-08,0.09150705,0.006044896,-0.006256926,2.17E-07,0.09150705,0.069275144,-0.006256926,-4.370791501,-4.273027525,-4.279284451,-4.279284451,ns,ns,ns,wilcox,wilcox,,
Q9Y5S8_CAESFEMWDDR(pa)_,NOX1,NOX1(R253),61,39,107,189,0.000773017,-0.242443857,1.28E-23,-0.815722127,1.07E-14,-0.57327827,1.32E-25,-0.815722127,7.28E-14,-0.57327827,4.65122621,4.408782353,3.835504083,3.835504083,ns,down,down,wilcox,wilcox,,down
Q9Y6N5_AR(pa)VTELNPDK_,SQOR,SQOR(R117),6,39,96,175,0.295132666,-0.048246054,0.001368215,0.150377092,7.47E-13,0.198623146,0.005818458,0.150377092,2.47E-13,0.198623146,-1.233130344,-1.281376398,-1.082753252,-1.082753252,ns,ns,ns,wilcox,wilcox,,
Q9Y6X1_NITQR(pa)GNVAK_,SERP1,SERP1(R21),58,10,63,140,0.005878853,0.515359482,3.65E-08,0.619946542,0.262279699,0.10458706,7.78E-14,0.868022842,0.017286403,0.35266336,-2.594778315,-2.079418833,-1.726755474,-1.974831773,up,up,ns,wilcox,wilcox,up,up
