"","HP001","HP002","HP003","HP004","HP005","HP006","HP007","HP008","HP009","HP010","HP011","HP012","HP013","HP014","HP015","HP016","HP017","HP018","HP019","HP020","HP021","HP022","HP023","HP024","HP025","HP026","HP027","HP029","HP030","HP031","HP032","HP033","HP034","HP035","HP036","HP037","HP038","HP039","HP040","HP041","HP042","HP043","HP044","HP045","HP046","HP047","HP048","HP049","HP050","HP051","HP052","HP053","HP054","HP055","HP056","HP057","HP058","HP059","HP060","HP061","HP062","HP063","HP064","HP065","HP066","HP067","HP068","HP069","HP070","HP071","HP072","HP073","HP074","HP075","HP076","HP077","HP078","HP079","HP080","HP081","HP082","HP083","HP084","HP085","HP086","HP087","HP088","HP089","HP090","HP091","HP092","HP093","HP094","HP095","HP096","HP097","HP098","HP099","HP100","PRA001","PRA002","PRA003","PRA004","PRA005","PRA006","PRA007","PRA008","PRA009","PRA010","PRA011","PRA012","PRA013","PRA014","PRA015","PRA016","PRA017","PRA018","PRA019","PRA020","PRA021","PRA022","PRA023","PRA024","PRA025","PRA026","PRA027","PRA028","PRA029","PRA030","PRA031","PRA032","PRA033","PRA034","PRA035","PRA036","PRA037","PRA038","PRA039","PRA040","PRA041","PRA042","PRA043","PRA044","PRA045","PRA046","PRA047","PRA048","PRA049","PRA050","PRA051","PRA052","PRA053","PRA054","PRA055","PRA056"
"P04406_VGVNGFGR(pa)IGR_",-1.107845683,NA,-0.930388756,NA,-0.979191506,-0.985190281,NA,NA,NA,NA,-1.23596448,-1.553472037,-1.23596448,NA,-1.23596448,NA,-1.23596448,NA,-1.23596448,-1.360955603,-1.079098858,-0.973106298,-1.23596448,-1.110973358,-1.23596448,NA,-1.052201245,NA,-1.182827255,-1.486738679,-0.934482527,-1.035199797,-0.942269516,-1.525553088,-1.23596448,NA,-1.23596448,-0.918456924,-1.193035968,NA,-1.23596448,NA,-1.23596448,-1.498822663,-1.187073336,-0.946375873,-1.23596448,NA,-1.23596448,NA,-1.23596448,-1.436729164,NA,NA,-1.496437435,NA,-1.212114505,NA,-1.424630091,NA,-1.419727716,-1.075665199,-1.541540205,-1.396910367,-1.23596448,-1.178832385,-1.364083278,NA,-1.23596448,-1.288486291,-1.23596448,-1.268696926,-1.23596448,NA,-1.492737455,-1.362972895,-1.23596448,-1.190912332,-1.537446434,-1.358246804,-1.23596448,-1.283027811,NA,-1.014560654,-1.259814455,-1.276522532,-1.278892993,-1.181969994,-1.284855625,-1.286606995,-1.289101705,-0.953405772,-1.04729887,-1.245574111,-1.529659445,-1.393346396,-1.392830103,-1.255658703,-0.975491525,NA,NA,NA,-1.473252539,NA,NA,NA,NA,NA,NA,NA,NA,NA,NA,NA,NA,NA,NA,NA,NA,NA,NA,NA,NA,NA,-1.615764671,NA,NA,NA,NA,-1.310379085,NA,NA,NA,NA,NA,NA,NA,NA,NA,NA,NA,NA,NA,NA,NA,NA,NA,NA,NA,NA,NA,NA,NA,NA,NA
"P18124_R(pa)R(pa)NFAELK_",-1.577668499,-0.915285476,-1.421786376,-0.965123668,-1.451374558,-0.96539149,NA,-1.117219403,-1.460666513,-1.09739096,-1.460666513,-1.263852942,-1.460666513,-0.898171696,-1.460666513,NA,-1.460666513,-0.908418076,-1.460666513,-1.204550898,NA,-1.407566064,-1.460666513,-1.716782128,-1.460666513,-1.758066954,-1.493042068,-1.823942066,-1.483905039,-1.955941536,-1.470339514,-1.312243296,-1.595068521,-1.769456157,-1.460666513,-2.00604755,-1.460666513,-1.657480084,-1.441304255,NA,-1.460666513,-1.956209358,-1.460666513,-1.513766962,-1.66030949,-1.15187687,-1.460666513,-1.070995985,NA,-1.804113623,-1.460666513,-1.60908973,NA,-2.02316133,-1.764109585,-1.850337041,-1.433733023,-2.01291495,-1.482345291,-1.163266072,-1.428290958,-1.398525334,-1.49954665,-1.623449971,NA,-1.50805423,-1.343664527,-1.737189855,-1.460666513,-1.244477812,NA,-1.521651197,-1.460666513,-1.461277737,-1.469958468,-1.363184915,-1.460666513,-1.402023287,-1.450993513,-1.531118776,-1.460666513,-1.245196657,-1.460055289,-1.384094522,-1.487600003,-1.452047491,-1.480028771,-1.686722102,-1.261023536,NA,-1.437427987,-1.48082997,-1.438987735,-1.498573196,-1.326264505,-1.476491714,NA,-1.277699695,-1.157223441,NA,NA,NA,NA,NA,NA,NA,NA,NA,NA,NA,NA,NA,NA,NA,NA,NA,NA,NA,NA,NA,NA,NA,NA,NA,NA,NA,NA,NA,NA,NA,NA,NA,NA,NA,NA,NA,-2.415297115,NA,NA,NA,NA,NA,NA,NA,NA,NA,NA,NA,NA,NA,NA,NA,NA,NA,NA
"P23528_DR(pa)CTLAEK_",-3.260266636,NA,-3.214587601,-3.069512962,-3.033399099,-3.058457805,-3.194151057,-3.138436266,-3.194151057,NA,-3.194151057,NA,-3.194151057,NA,-3.194151057,NA,-3.194151057,NA,-3.194151057,NA,-3.270819074,-3.120342651,-3.194151057,NA,-3.194151057,-3.381893912,-3.230633377,NA,-3.242088045,-3.32984431,-3.060014491,NA,-3.230072984,NA,-3.194151057,NA,-3.194151057,NA,-3.158316036,NA,-3.194151057,-3.318789152,NA,-3.267959464,-3.290579114,NA,-3.194151057,-3.060323504,NA,-3.249865849,-3.194151057,NA,-3.194151057,NA,-3.124052669,-3.327978611,-3.312015311,NA,-3.10620052,-3.006408203,-3.157668738,-3.006104292,-3.173714514,-3.333414318,-3.194151057,NA,-3.128035478,NA,-3.194151057,-2.995509777,-3.194151057,-3.139001259,-3.194151057,-3.319047116,-3.354903016,-3.220656821,-3.194151057,NA,-3.328287624,-3.114484015,NA,-3.282014108,-3.069254999,-3.377115324,-3.076286804,-3.244944529,-3.229986079,NA,-3.097723001,-3.275974026,-3.14621407,NA,-3.282101595,NA,-3.158229131,NA,-3.117483041,-3.146443162,-3.264249446,NA,NA,NA,NA,NA,NA,NA,NA,-2.227653565,NA,-2.923815027,NA,NA,NA,NA,NA,NA,NA,NA,NA,NA,NA,NA,NA,NA,NA,NA,NA,NA,NA,NA,NA,NA,NA,NA,NA,NA,NA,NA,NA,NA,-3.529116139,NA,NA,NA,NA,NA,NA,NA,NA,NA,NA,NA,NA,NA,NA
"P26038_VTAQDVR(pa)K_",-2.55615971,NA,NA,NA,NA,NA,-2.440893217,NA,-2.440893217,NA,NA,-1.937694848,-2.440893217,NA,-2.440893217,-2.064037214,-2.440893217,NA,-2.440893217,-2.011343342,NA,-2.278111851,-2.440893217,-2.870443093,-2.440893217,-2.619625924,-2.427860456,NA,NA,NA,-2.488682148,-2.790086105,NA,-2.617950336,-2.440893217,NA,NA,-2.944091587,-2.504569724,-2.817749221,-2.440893217,NA,-2.440893217,-2.603674584,NA,-2.263836099,NA,-2.171575934,-2.440893217,NA,NA,-2.09170033,NA,NA,-2.562971016,-2.7102105,NA,NA,NA,-2.262160511,-2.453925978,-2.675064171,NA,-2.493121553,-2.440893217,NA,-2.325626725,-2.368170634,-2.440893217,-2.51940492,-2.440893217,-2.364996762,-2.440893217,-2.433583857,NA,NA,-2.440893217,NA,-2.393104286,NA,-2.440893217,NA,-2.448202578,NA,NA,-2.284550012,-2.377216711,-2.380944468,NA,NA,NA,NA,NA,NA,NA,NA,NA,NA,-2.318815418,NA,NA,NA,NA,NA,NA,NA,NA,NA,NA,NA,NA,NA,NA,NA,NA,NA,NA,NA,NA,NA,NA,NA,NA,NA,NA,NA,NA,NA,NA,NA,NA,NA,NA,NA,NA,NA,NA,NA,NA,NA,NA,NA,NA,NA,NA,NA,NA,NA,NA,NA,NA,NA,NA,NA,NA
"P47897_ANNGICFLR(pa)_",-1.32688037,NA,NA,NA,NA,NA,-1.350807151,-1.47610902,NA,-1.445985471,NA,NA,-1.350807151,-1.199713904,NA,-0.968216626,-1.350807151,-1.380753094,-1.350807151,NA,NA,-1.382063591,-1.350807151,NA,-1.350807151,-0.990467768,NA,-1.25562883,NA,NA,-1.617844466,-1.634801763,-1.526547905,NA,NA,NA,NA,NA,NA,-1.733397675,NA,NA,-1.350807151,-1.319550711,-1.348483298,NA,-1.350807151,-1.798129946,NA,-1.225505281,NA,-1.066812538,NA,-1.501900398,-1.502350162,-0.903484355,NA,-1.320861207,-1.393188125,-1.711146533,NA,NA,NA,NA,NA,NA,-1.374733932,NA,NA,NA,NA,-0.914037861,-1.350807151,NA,NA,-1.568384836,NA,-1.329870323,-1.083769835,NA,-1.350807151,-1.229392901,NA,-1.601950638,NA,-1.214350855,NA,-1.323440622,-1.353131003,NA,NA,-1.259207461,-1.308426176,-1.488187497,-1.175066397,-1.41457546,NA,-1.515480206,-1.199264139,NA,NA,-0.456014062,NA,NA,NA,NA,NA,NA,NA,NA,NA,NA,NA,NA,NA,NA,NA,NA,NA,NA,NA,NA,NA,NA,NA,NA,NA,NA,NA,NA,-1.132770449,NA,NA,NA,NA,NA,NA,NA,NA,NA,NA,NA,NA,NA,NA,NA,NA,NA,NA,NA,NA,NA,-0.583482243,NA,NA
"P47985_SSR(pa)ESSEAR(pa)K_",-4.069870966,NA,NA,-3.823249676,-4.20498801,NA,-3.939976846,NA,NA,-3.728655834,-3.939976846,-3.695636745,-3.939976846,NA,NA,NA,NA,-3.831622928,NA,NA,-3.559804685,-3.853677025,NA,-3.939976846,-3.939976846,NA,NA,-4.151297858,-4.18684652,NA,-4.001310891,NA,NA,NA,-3.939976846,NA,NA,-4.184316946,-3.780070137,NA,-3.939976846,-4.056704016,NA,-4.026276667,-3.905479029,NA,-3.939976846,NA,-3.939976846,NA,-3.939976846,NA,-3.939976846,NA,-4.020651343,NA,-3.962594832,-4.048330763,NA,NA,NA,NA,NA,NA,NA,NA,-3.810082726,-3.939976846,-3.939976846,NA,-3.939976846,-3.333423009,-3.939976846,NA,-3.674965681,-4.26889409,-3.939976846,NA,-3.8786428,-4.304992602,NA,-3.965290248,NA,-3.597453895,-3.917358859,NA,-4.099883555,-3.951620104,-3.974474662,NA,-3.693107171,NA,NA,-4.158163973,NA,NA,-4.320149007,NA,-3.859302348,NA,NA,NA,NA,NA,NA,NA,NA,NA,NA,NA,NA,NA,NA,NA,NA,-3.724907385,NA,NA,NA,NA,NA,-3.977233845,NA,NA,NA,NA,NA,NA,NA,NA,NA,NA,NA,NA,NA,NA,NA,NA,NA,NA,NA,NA,NA,NA,NA,NA,NA,-3.757298902,NA,NA,NA,NA,NA,NA,-3.569755476
"P61160_R(pa)LDIAGR_",-1.648052481,NA,-1.747448442,NA,-1.935511756,-0.921770344,-1.641673915,NA,-1.641673915,-1.145537064,-1.641673915,NA,-1.641673915,-1.606594386,-1.641673915,NA,-1.641673915,-1.049656553,-1.641673915,-0.977673137,-1.856212667,NA,-1.641673915,-2.305674693,NA,-2.259664132,-1.781886626,-2.137810766,-1.754433708,-2.361577486,-1.827173834,-2.175855811,NA,NA,-1.641673915,NA,-1.641673915,NA,-1.806903915,NA,-1.641673915,NA,-1.641673915,NA,NA,NA,-1.641673915,-1.040676605,NA,NA,-1.641673915,-1.107492019,NA,-1.676753444,-2.00441489,-2.242671225,-1.751152495,-2.233691277,-1.731002265,-1.023683698,-1.501461204,NA,-1.535899387,-2.107149305,NA,NA,-1.635295349,NA,-1.641673915,NA,-1.641673915,-1.656302425,NA,-1.691624232,-1.347836074,NA,-1.641673915,NA,-1.456173995,-1.398401238,-1.641673915,-1.588139354,-1.591723598,NA,-1.532195335,NA,-1.476443915,NA,NA,-1.683204266,-1.528914122,NA,-1.552345565,-1.582976312,NA,NA,-1.427135162,-1.475544505,-1.27893294,NA,NA,NA,NA,NA,NA,NA,NA,NA,NA,NA,NA,NA,NA,NA,NA,NA,NA,NA,NA,NA,NA,NA,-2.138281314,NA,NA,NA,NA,NA,NA,NA,NA,NA,NA,NA,NA,NA,NA,NA,NA,NA,NA,NA,NA,NA,NA,NA,NA,NA,NA,NA,NA,NA,-2.154389342,NA,NA
"P62820_R(pa)MGPGATAGGAEK_",-2.450196379,-1.618391268,-2.388572157,-1.907866793,-2.180649966,-1.875239174,-2.118811184,-1.511925198,NA,-1.840672832,-2.118811184,NA,-2.118811184,-2.282553592,-2.118811184,-1.821306757,-2.118811184,-1.57750405,-2.118811184,-2.092430293,NA,-1.896693138,-2.118811184,-2.145192075,NA,-1.933761025,-2.289228636,-2.396949535,NA,-2.362383193,NA,NA,NA,-2.462442616,-2.118811184,-2.6192311,-2.118811184,NA,-2.245960798,-2.416315611,-2.118811184,-2.329755575,NA,-2.340929229,-2.306904221,-1.775179751,-2.118811184,NA,NA,-2.725697169,NA,NA,NA,-1.955068775,-2.202919059,NA,NA,-2.660118317,-2.30110128,-2.303861343,-1.948393731,NA,-1.849050211,-2.194296292,-2.118811184,NA,-1.787425989,-1.891858256,NA,-2.139115043,NA,NA,NA,NA,-2.056972401,-2.246034927,NA,NA,NA,-2.191634546,NA,-2.076324296,NA,NA,NA,-2.01635291,-1.991661569,-2.279884019,-1.930718147,-1.989942003,NA,NA,-1.936521087,NA,NA,NA,NA,-2.162669545,-2.034703308,NA,NA,NA,NA,NA,NA,NA,NA,NA,NA,NA,NA,NA,NA,NA,NA,NA,NA,NA,NA,NA,NA,NA,NA,NA,NA,NA,NA,NA,-2.917366258,NA,NA,NA,NA,NA,-2.917366258,NA,NA,NA,-2.917366258,NA,NA,NA,NA,NA,NA,NA,NA,NA,NA,NA,NA,NA,NA,NA,NA
"Q14914_WQGDAR(pa)QK_",-0.237935653,NA,-0.141792046,-0.47106803,-0.310116923,NA,-0.398658731,-0.431538831,-0.398658731,-0.644675582,-0.398658731,-0.196129328,-0.398658731,NA,NA,NA,NA,-0.442758974,-0.398658731,-0.559466698,NA,-0.489461714,-0.398658731,-0.237850763,-0.398658731,-0.352769141,-0.371702387,-0.15264188,-0.350819134,NA,-0.228209808,-0.189957811,NA,-0.252190126,-0.398658731,NA,-0.398658731,-0.601188133,NA,NA,-0.398658731,-0.326249431,NA,-0.307855747,-0.557169725,-0.545127335,-0.398658731,-0.660222056,-0.398658731,-0.36577863,-0.398658731,-0.607359651,-0.398658731,NA,-0.334959376,-0.137095405,NA,-0.354558488,NA,-0.44454832,-0.425615074,-0.354994199,-0.655525415,NA,-0.398658731,-0.086825111,-0.559381808,NA,-0.398658731,-0.353383543,NA,-0.420056714,-0.398658731,NA,-0.487200538,-0.498886148,NA,NA,-0.569107653,NA,-0.398658731,NA,NA,-0.39559914,NA,-0.30389312,NA,NA,-0.240147737,-0.485578105,-0.446498327,-0.467648534,NA,NA,NA,-0.619722693,NA,NA,-0.462358085,NA,NA,NA,NA,NA,NA,NA,NA,NA,NA,NA,NA,NA,NA,-0.920617916,NA,NA,NA,NA,NA,-0.80425646,NA,NA,NA,NA,NA,NA,NA,NA,NA,NA,NA,NA,NA,NA,NA,NA,NA,NA,NA,NA,NA,NA,NA,NA,NA,NA,NA,NA,NA,NA,NA,NA,NA,-0.687895004,NA
"Q9BUT1_IQAR(pa)GNPEEAR_",-1.436349654,-1.056498638,-1.27194493,-0.817530426,-1.149583825,NA,-1.188884137,-1.022967946,-1.188884137,-0.809082914,-1.188884137,-0.838206241,NA,-1.066201259,-1.188884137,NA,-1.188884137,NA,NA,NA,NA,NA,-1.188884137,NA,-1.188884137,NA,-1.173767227,-1.56868536,-1.370401565,NA,-1.216370994,-1.400415428,-1.419369432,-1.428253838,-1.188884137,-1.321269636,NA,-1.539562033,NA,NA,-1.188884137,-1.560237848,NA,NA,NA,-0.949514436,-1.188884137,NA,-1.188884137,-1.354800328,-1.188884137,-0.977352846,-1.188884137,-1.311567015,NA,NA,-1.197569379,NA,-1.184149339,NA,-1.204001048,NA,-1.105823344,-1.662854761,-1.188884137,NA,-0.94141862,-1.216253611,-1.188884137,NA,NA,-1.289390127,NA,NA,-1.228184449,NA,-1.188884137,NA,-1.16139728,NA,NA,NA,NA,NA,-1.180198895,NA,NA,-1.116644334,NA,NA,-1.007366709,-0.916259654,-1.193618935,NA,-0.958398842,NA,NA,-0.931902335,NA,NA,NA,NA,NA,NA,NA,NA,NA,NA,NA,NA,NA,NA,NA,NA,NA,NA,NA,NA,NA,NA,NA,NA,-1.372178608,NA,NA,NA,NA,NA,NA,-1.499034157,NA,NA,NA,NA,NA,NA,NA,NA,NA,NA,NA,NA,NA,NA,NA,NA,NA,NA,NA,NA,NA,-1.435606382,NA,NA,NA
"A0A0B4J1V0_GLEWVGR(pa)IK_",NA,NA,NA,NA,NA,NA,NA,NA,NA,NA,NA,NA,NA,NA,NA,NA,NA,NA,NA,NA,NA,NA,NA,NA,NA,NA,NA,NA,NA,NA,NA,NA,NA,NA,NA,NA,NA,NA,NA,NA,NA,NA,NA,NA,NA,NA,NA,NA,NA,NA,NA,NA,NA,NA,NA,NA,NA,NA,NA,NA,NA,NA,NA,NA,NA,NA,NA,NA,NA,NA,NA,NA,NA,NA,NA,NA,NA,NA,NA,NA,NA,NA,NA,NA,NA,NA,NA,NA,NA,NA,NA,NA,NA,NA,NA,NA,NA,NA,NA,-4.872015929,NA,NA,NA,NA,-4.699281912,NA,NA,NA,NA,-4.553780606,-4.642514359,-4.699281912,NA,-4.582637655,NA,-5.029380372,-4.906619489,NA,-4.699281912,-4.699281912,NA,NA,NA,-4.699281912,-4.344672233,-5.189676537,-4.615885677,-4.699281912,NA,-4.379522379,-4.81714225,NA,-4.724929323,-4.76334608,-4.699281912,-4.675828812,NA,NA,-4.699281912,-4.699281912,NA,NA,-4.407761941,-4.699281912,-4.699281912,-4.699281912,-4.622036632,NA,-4.699281912,NA,-4.837152401,-4.699281912,NA,-4.622171744,NA
"O00483_MLR(pa)QIIGQAK_",NA,NA,NA,NA,NA,NA,NA,NA,NA,NA,NA,NA,NA,NA,NA,NA,NA,NA,NA,NA,NA,NA,NA,NA,NA,NA,NA,NA,NA,NA,NA,NA,NA,NA,NA,NA,NA,NA,NA,NA,NA,NA,NA,NA,NA,NA,NA,NA,NA,NA,NA,NA,NA,NA,NA,NA,NA,NA,NA,NA,NA,NA,NA,NA,NA,NA,NA,NA,NA,NA,NA,NA,NA,NA,NA,NA,NA,NA,NA,-1.917225879,NA,NA,NA,NA,NA,NA,NA,NA,NA,NA,NA,NA,NA,NA,NA,NA,NA,NA,NA,-2.511538073,-2.54288538,-2.542418715,-2.65983752,-2.51090156,-2.54288538,-2.54288538,-2.54288538,-2.507368906,-2.54288538,-2.331949041,-2.659175696,-2.54288538,-2.711629892,-2.6102788,-2.54288538,-2.338631312,-2.452943143,-2.842835748,-2.54288538,-2.54288538,-2.428611943,-2.719643087,-1.993008695,-2.54288538,-2.550408992,-2.544640065,-2.486514323,NA,-2.54288538,-2.450895719,-2.494305273,-2.506509351,-2.46165114,-2.512128737,-2.54288538,-2.471373791,-2.54288538,-2.54288538,-2.54288538,-2.54288538,NA,-2.54288538,-2.47565622,-2.54288538,-2.54288538,-2.54288538,-3.012486643,-2.54288538,NA,-2.54288538,-2.862324549,-2.54288538,-2.602128505,-2.491880582,NA
"O43707_EGLLLWCQR(pa)K_",NA,NA,NA,NA,NA,NA,NA,NA,NA,NA,NA,NA,NA,NA,NA,NA,NA,NA,NA,NA,NA,NA,NA,NA,NA,NA,NA,NA,NA,NA,NA,NA,NA,NA,NA,NA,NA,NA,NA,NA,NA,NA,NA,NA,NA,NA,NA,NA,NA,NA,NA,NA,NA,NA,NA,NA,NA,NA,NA,NA,NA,NA,NA,NA,NA,NA,NA,NA,NA,NA,NA,NA,NA,NA,NA,NA,NA,NA,NA,NA,NA,NA,NA,NA,NA,NA,NA,NA,NA,NA,NA,NA,NA,NA,NA,NA,NA,NA,NA,-5.707085077,-5.889821976,-5.309508227,NA,NA,-5.889821976,-5.889821976,NA,-5.669363392,NA,NA,-6.480640254,NA,-5.991177663,-5.638770822,NA,-5.483352523,NA,-6.226931845,NA,-5.889821976,NA,NA,-5.846459925,-5.889821976,-6.115934831,-6.159342363,-6.228486731,-5.889821976,NA,-5.896903186,NA,NA,-5.631248957,NA,-5.889821976,-6.088694158,-5.889821976,-5.889821976,-5.889821976,-5.889821976,NA,NA,NA,-5.889821976,-5.889821976,-5.889821976,NA,NA,-5.889821976,-5.889821976,-5.777099278,-5.889821976,NA,-5.875974366,NA
"O95831_SLSAIDR(pa)AGAEVK_",NA,NA,NA,NA,NA,NA,NA,NA,NA,NA,-2.315036733,NA,NA,NA,NA,NA,NA,NA,NA,NA,NA,NA,NA,NA,NA,NA,NA,NA,NA,NA,NA,NA,NA,NA,NA,NA,NA,NA,NA,NA,NA,NA,NA,NA,NA,NA,NA,NA,NA,NA,NA,NA,NA,NA,NA,NA,NA,NA,NA,NA,NA,NA,NA,NA,NA,NA,NA,NA,NA,NA,NA,NA,NA,NA,NA,NA,NA,NA,NA,NA,NA,NA,NA,NA,NA,NA,NA,NA,NA,NA,NA,NA,NA,NA,NA,NA,NA,NA,NA,-2.871624666,-2.842010219,-2.995859569,NA,NA,-2.842010219,NA,-2.842010219,-2.393212701,-2.842010219,-2.776287615,-2.874164513,-2.842010219,-2.897192024,-2.87392661,NA,-2.84604488,-3.052630907,NA,-2.842010219,-2.842010219,-2.878690553,-3.096933616,NA,-2.842010219,-2.715074315,-2.961235497,-2.561574626,-2.842010219,-2.842010219,-2.730077498,-2.80034285,-3.057112922,-2.834062976,-2.814164107,-2.842010219,-2.812991032,-2.842010219,NA,-2.842010219,-2.842010219,-2.857887063,-2.842010219,NA,-2.842010219,NA,NA,-2.714596389,NA,-2.842010219,NA,-2.888320936,NA,NA,NA,-2.904237386
"O95831_VR(pa)R(pa)EGVK_",NA,NA,NA,NA,NA,NA,NA,NA,NA,NA,NA,NA,NA,NA,NA,NA,NA,NA,NA,NA,NA,NA,NA,NA,NA,NA,NA,NA,NA,NA,NA,NA,NA,NA,NA,NA,NA,NA,NA,NA,NA,NA,NA,NA,NA,NA,NA,NA,NA,NA,NA,NA,NA,NA,NA,NA,NA,NA,NA,NA,NA,NA,NA,NA,NA,NA,NA,NA,-0.354676992,NA,NA,NA,NA,NA,NA,NA,NA,NA,NA,NA,NA,NA,NA,NA,NA,NA,NA,NA,NA,NA,NA,NA,NA,NA,NA,NA,NA,NA,NA,NA,-1.746300034,-2.019315933,NA,NA,NA,NA,NA,-1.779048186,NA,-1.675999175,-1.934760659,NA,-1.760944981,NA,-1.746300034,NA,NA,-1.747256306,-1.746300034,-1.746300034,NA,-1.953971511,-1.723262955,-1.746300034,NA,NA,-1.748357935,NA,-1.746300034,NA,NA,NA,-1.605462176,-1.538989797,NA,NA,-1.746300034,NA,-1.746300034,-1.746300034,NA,-1.746300034,NA,NA,NA,NA,NA,-1.746300034,-1.746300034,-1.746300034,NA,-1.746300034,-1.554434923,-1.599249256,-1.807146682
"P00325_AAGAAR(pa)IIAVDINK_",NA,NA,NA,NA,NA,NA,NA,NA,NA,NA,NA,NA,NA,NA,NA,NA,NA,NA,NA,NA,NA,NA,NA,NA,NA,NA,NA,NA,NA,NA,NA,NA,NA,NA,NA,NA,NA,NA,NA,NA,NA,NA,NA,NA,NA,NA,NA,NA,NA,NA,NA,NA,NA,NA,NA,NA,NA,NA,NA,NA,NA,NA,NA,NA,NA,NA,NA,NA,NA,NA,NA,NA,NA,NA,NA,NA,NA,NA,NA,NA,NA,NA,NA,NA,NA,NA,NA,NA,NA,NA,NA,NA,NA,NA,NA,NA,NA,NA,NA,NA,-4.39836285,NA,NA,NA,-4.39836285,NA,-4.39836285,-4.415006247,NA,-4.489900574,NA,-4.39836285,-4.527217949,NA,NA,NA,-5.095290374,NA,NA,-4.39836285,-4.427158915,-3.862177708,NA,-4.39836285,-4.415696948,NA,NA,-4.39836285,-4.39836285,NA,-3.632875304,NA,-4.463446799,NA,-4.39836285,NA,NA,-4.39836285,NA,-4.39836285,NA,-4.39836285,NA,-4.39836285,-4.39836285,NA,NA,-4.39836285,-4.39836285,NA,-4.912250895,NA,NA,-4.436636597,-4.102695895
"P01008_LVSANR(pa)LFGDK_",NA,NA,NA,NA,NA,NA,NA,NA,NA,NA,NA,NA,NA,NA,NA,NA,NA,NA,NA,NA,NA,NA,NA,NA,NA,NA,NA,NA,NA,NA,NA,NA,NA,NA,NA,NA,NA,NA,NA,NA,NA,NA,NA,NA,NA,NA,NA,NA,NA,NA,NA,NA,NA,NA,NA,NA,NA,NA,NA,NA,NA,NA,NA,NA,NA,NA,NA,NA,NA,NA,NA,NA,NA,NA,NA,NA,NA,NA,NA,NA,NA,NA,NA,NA,NA,NA,NA,NA,NA,NA,NA,NA,NA,NA,NA,NA,NA,NA,NA,-6.026705335,NA,NA,-5.316794267,NA,-5.486005735,NA,-5.486005735,-5.669708691,-5.486005735,-5.944252952,-5.558115103,NA,-5.373107326,-5.532626143,NA,NA,NA,-4.922166744,-5.486005735,-5.486005735,NA,-5.565607937,NA,NA,NA,NA,-5.486005735,-5.486005735,-5.486005735,-4.867248925,-5.477422694,-5.367275959,-5.365095618,-5.298586708,-5.486005735,-5.569574692,NA,NA,NA,-5.486005735,NA,-5.486005735,NA,-5.486005735,NA,-5.486005735,-5.921802663,NA,-5.486005735,-5.486005735,NA,-5.486005735,NA,NA,NA
"P02675_IR(pa)PFFPQQ_",NA,NA,NA,NA,NA,NA,NA,NA,NA,NA,NA,NA,NA,NA,NA,NA,NA,NA,NA,NA,NA,NA,NA,NA,NA,NA,NA,NA,NA,NA,NA,NA,NA,NA,NA,NA,NA,NA,NA,NA,NA,NA,NA,NA,NA,NA,NA,NA,NA,NA,NA,NA,NA,NA,NA,NA,NA,NA,NA,NA,NA,NA,NA,NA,NA,NA,NA,NA,NA,NA,NA,NA,NA,NA,NA,NA,NA,NA,NA,NA,NA,NA,NA,NA,NA,NA,NA,NA,NA,NA,NA,NA,NA,NA,NA,NA,NA,NA,NA,-4.108078413,NA,-4.250833455,NA,-3.998968576,-4.200106582,-4.200106582,-4.200106582,NA,NA,NA,-4.37331392,NA,-4.007370912,NA,NA,NA,NA,NA,-4.200106582,NA,NA,NA,NA,-4.200106582,NA,-4.325859144,-4.215494309,-4.200106582,NA,NA,-4.283230124,-4.51497694,-3.87375621,NA,NA,-4.028217259,NA,-4.200106582,NA,NA,NA,-4.200106582,-4.37555777,-4.200106582,-4.200106582,-4.200106582,-4.461715519,NA,-4.200106582,-4.200106582,-4.350262418,-4.200106582,NA,-3.833963757,NA
"P35749_WILTR(pa)VNK_",NA,NA,NA,NA,NA,NA,NA,NA,NA,NA,NA,NA,NA,NA,NA,NA,NA,NA,NA,NA,NA,NA,NA,NA,NA,NA,NA,NA,NA,NA,NA,NA,NA,NA,NA,NA,NA,NA,NA,NA,NA,NA,NA,NA,NA,NA,NA,NA,NA,NA,NA,NA,NA,NA,NA,NA,NA,NA,NA,NA,NA,NA,NA,NA,NA,NA,NA,NA,NA,NA,NA,NA,NA,NA,NA,NA,NA,NA,NA,NA,NA,NA,NA,NA,NA,NA,NA,NA,NA,NA,NA,NA,NA,NA,NA,NA,NA,NA,NA,NA,-3.679344436,-3.493181542,-3.590034419,NA,-3.679344436,-3.679344436,-3.679344436,-4.139149806,NA,-3.757035649,-3.534366426,-3.679344436,-3.368779368,-3.603977476,-3.679344436,-3.766843615,-3.676646999,NA,NA,-3.679344436,-3.955709976,-4.214090133,NA,-3.679344436,-3.178297787,-3.621107181,-3.660250382,-3.679344436,NA,NA,-3.674060642,-3.765262283,-3.777457315,NA,-3.679344436,-3.532789742,-3.679344436,-3.679344436,NA,-3.679344436,-3.435095822,-3.679344436,-3.713999293,-3.679344436,-3.679344436,-3.679344436,-3.82266155,-3.679344436,-3.679344436,NA,-3.626534684,-3.679344436,NA,-3.717589935,NA
"P60903_EDLR(pa)VLMEK_",NA,NA,NA,NA,NA,NA,NA,NA,NA,NA,NA,NA,NA,NA,NA,NA,NA,NA,NA,NA,NA,NA,NA,NA,NA,NA,NA,NA,NA,NA,NA,NA,NA,NA,NA,NA,NA,NA,NA,NA,NA,NA,NA,NA,NA,NA,NA,NA,NA,NA,NA,NA,NA,NA,NA,NA,NA,NA,NA,NA,NA,NA,NA,NA,NA,NA,NA,NA,NA,NA,NA,NA,NA,NA,NA,NA,NA,NA,NA,NA,NA,NA,NA,NA,NA,NA,NA,NA,NA,NA,NA,NA,NA,NA,NA,NA,NA,NA,NA,NA,-4.003209087,-5.159168996,-3.887253842,-3.466351922,-4.003209087,-4.003209087,-4.003209087,-4.466518403,NA,NA,-3.721052331,-4.003209087,-3.067576153,-3.708100848,NA,-4.787584584,-4.926991544,-3.430569782,-4.003209087,-4.003209087,-4.545816898,NA,NA,-4.003209087,NA,-4.730271254,-3.518354721,-4.003209087,NA,-3.248329616,NA,NA,-3.209076748,-3.372297623,-4.003209087,-3.607144261,-4.003209087,-4.003209087,-4.003209087,-4.003209087,NA,-4.003209087,-5.16196255,-4.003209087,-4.003209087,-4.003209087,-4.836897319,-4.003209087,-4.003209087,NA,NA,-4.003209087,NA,-3.365607437,-3.850463989
"Q14764_SLQPLAPR(pa)NK_",NA,NA,NA,NA,NA,NA,NA,NA,NA,NA,NA,NA,NA,NA,NA,NA,NA,NA,NA,NA,NA,NA,NA,NA,NA,NA,NA,NA,NA,NA,NA,NA,NA,NA,NA,NA,NA,NA,NA,NA,-1.788610793,NA,NA,NA,NA,NA,NA,NA,NA,NA,NA,NA,NA,NA,NA,NA,NA,NA,NA,NA,NA,NA,NA,NA,NA,NA,NA,NA,NA,NA,-1.788610793,NA,NA,NA,NA,NA,NA,NA,NA,NA,NA,NA,NA,NA,NA,NA,NA,NA,NA,NA,NA,NA,NA,NA,NA,NA,NA,NA,NA,NA,-2.305506056,-2.37776863,-2.239651544,NA,NA,-2.305506056,-2.305506056,-2.387089364,NA,-2.27670101,-2.223159436,NA,-2.100650517,NA,-2.305506056,NA,-2.342999148,NA,-2.305506056,-2.305506056,-2.410833839,-2.283981152,-2.174259029,-2.305506056,-2.234496879,-2.503174402,-2.267317734,-2.305506056,-2.305506056,NA,-2.366613822,NA,-2.295007088,NA,NA,-2.376914961,-2.305506056,-2.305506056,NA,-2.305506056,-2.496093234,-2.305506056,-2.305816783,-2.305506056,-2.305506056,-2.305506056,-2.327137765,NA,-2.305506056,NA,NA,NA,NA,-2.120454789,NA
"Q16851_R(pa)EFPTVPLVK_",NA,NA,NA,NA,NA,NA,NA,NA,NA,NA,NA,NA,NA,NA,NA,NA,NA,NA,NA,NA,NA,NA,NA,NA,NA,NA,NA,NA,NA,NA,NA,NA,NA,NA,NA,NA,NA,NA,NA,NA,NA,NA,NA,NA,NA,NA,NA,NA,NA,NA,NA,NA,NA,NA,NA,NA,NA,NA,NA,NA,NA,NA,NA,NA,NA,NA,NA,NA,NA,NA,NA,NA,NA,NA,NA,NA,NA,NA,NA,NA,NA,NA,NA,NA,NA,NA,NA,NA,NA,NA,NA,NA,NA,NA,NA,NA,NA,NA,NA,-2.870258353,-3.08323242,-2.912477208,-3.258660676,-3.429568872,-3.08323242,-3.08323242,-3.08323242,NA,NA,-2.978834756,-3.109835078,NA,-3.03625271,-3.359472973,NA,-3.268805891,-3.159442194,-2.949755104,NA,-3.08323242,NA,-3.034833455,NA,-3.08323242,-2.93310503,-3.22780015,-3.071626768,-3.08323242,-3.08323242,-3.31563378,-3.047482268,-2.95114442,-2.698964698,-2.880492755,-3.08323242,-3.143707253,-3.08323242,-3.08323242,NA,-3.08323242,NA,-3.08323242,NA,NA,NA,-3.08323242,-3.185894762,NA,-3.08323242,NA,-3.108175263,-3.08323242,NA,-3.065353661,NA
