ID,Gene_position,M_p_PRA_HP_wilcox,M_fc_PRA_HP,M_p_RAA_HP_wilcox,M_fc_RAA_HP,M_PRA_HP,M_RAA_HP,F_p_PRA_HP_wilcox,F_fc_PRA_HP,F_p_RAA_HP_wilcox,F_fc_RAA_HP,F_PRA_HP,F_RAA_HP
A0A0B4J1V0_GLEWVGR(pa)IK_,IGHV3-15(R69),NA,NA,NA,NA,NA,NA,NA,NA,NA,NA,NA,NA
A0A0B4J1X5_GR(pa)FTISR(pa)DNAK_,IGHV3-74(R86;R91),2.71E-05,-0.273535867,4.13E-05,-0.215866431,down,ns,1.04E-06,-0.273535867,6.96E-11,-0.215866431,down,ns
O00299_R(pa)R(pa)TETVQK_,CLIC1(R50;R51),2.01E-06,0.270076463,0.000108751,0.331587539,up,up,0.00158797,0.263574281,3.59E-13,0.325085357,up,up
O00483_MLR(pa)QIIGQAK_,NDUFA4(R3),NA,NA,NA,NA,NA,NA,0.074442334,-0.625659501,0.041624219,-0.687547113,ns,down
O15144_VLNR(pa)AR(pa)PDAEK_,ARPC2(R279;R281),0.007047651,0.391293708,0.389312729,0.043327289,up,ns,5.23E-08,0.743728531,5.81E-12,0.395762112,up,up
O15145_GPAPR(pa)ETK_,ARPC3(R34),0.002043153,0.390395033,0.001158059,0.372395845,up,up,0.000106874,0.255024577,2.19E-09,0.237025389,ns,ns
O43707_AETAANR(pa)ICK_,ACTN4(R280),0.044996569,0.12750682,0.245291822,-0.007242641,ns,ns,0.016266836,-0.016732468,1.33E-09,-0.151481929,ns,ns
O43707_EGLLLWCQR(pa)K_,ACTN4(R175),NA,NA,NA,NA,NA,NA,NA,NA,NA,NA,NA,NA
O43866_SLSPSFR(pa)DR(pa)K_,CD5L(R296;R298),0.193990957,0.159355328,5.58E-05,-0.243255756,ns,ns,0.00349646,0.257959222,4.99E-05,-0.144651862,ns,ns
O75369_VR(pa)AGGPGLER_,FLNB(R2197),0.030128742,0.279918623,0.444132787,0.134956068,up,ns,2.34E-06,0.297986477,4.93E-08,0.153023922,up,ns
O95831_SLSAIDR(pa)AGAEVK_,AIFM1(R272),0.119059781,-0.526973486,0.09048793,-0.417693303,ns,ns,NA,NA,NA,NA,NA,NA
O95831_SR(pa)TTLFR(pa)K_,AIFM1(R280;R285),0.005250029,0.343039584,0.035842568,-0.090703119,up,ns,2.73E-05,0.45627828,0.78080563,-0.010188658,up,ns
O95831_VR(pa)R(pa)EGVK_,AIFM1(R357;R358),NA,NA,NA,NA,NA,NA,0.086529153,-1.391623042,0.07955593,-1.491164154,ns,ns
P00325_AAGAAR(pa)IIAVDINK_,ADH1B(R219),NA,NA,NA,NA,NA,NA,NA,NA,NA,NA,NA,NA
P00325_NDLGNPR(pa)GTLQDGTR(pa)R_,ADH1B(R121;R129),0.001397757,0.191093975,0.022145702,0.041498491,ns,ns,0.007428314,0.165825084,0.074878207,0.041498491,ns,ns
P00325_NDLGNPR(pa)GTLQDGTR_,ADH1B(R121),0.618539943,-0.106995188,0.062728487,-0.207083079,ns,ns,0.005003917,-0.182212807,1.27E-11,-0.228184725,ns,ns
P00338_NR(pa)VIGSGCNLDSAR_,LDHA(R157),0.301699582,-0.113820073,0.350237585,-0.005000234,ns,ns,0.000148514,-0.248262825,0.001078193,-0.139442986,ns,ns
P00338_QQEGESR(pa)LNLVQR_,LDHA(R106),0.743904316,-0.119626367,0.004752055,-0.329211634,ns,down,3.37E-05,-0.481268903,2.09E-07,-0.678263951,down,down
P00367_SNAPR(pa)VK_,GLUD1(R395),0.207148301,-0.001276119,0.021761011,-0.027720452,ns,ns,0.38953789,-0.002202599,0.97389375,-0.0026085,ns,ns
P00367_TR(pa)ESEEQK_,GLUD1(R92),0.000442586,-2.311155766,5.92E-06,-2.034581046,down,down,2.32E-06,-1.838700503,5.17E-17,-1.562125783,down,down
P00387_SNPIIR(pa)TVK_,CYB5R3(R170),1.06E-05,0.539208427,1.68E-05,0.55747605,up,up,5.84E-07,0.513168847,1.69E-09,0.534793237,up,up
P00480_GR(pa)DLLTLK_,OTC(R40),0.000341558,-0.647680465,0.001815143,-0.291174348,down,down,1.93E-07,-0.61941175,1.10E-14,-0.262905633,down,ns
P00558_IEAFR(pa)ASLSK_,PGK1(R151),0.074735047,-0.102569572,0.005728709,0.119470116,ns,ns,3.21E-05,-0.102569572,4.20E-11,0.119470116,ns,ns
P00558_NNQITNNQR(pa)IK_,PGK1(R39),0.010828895,-0.280760027,0.204787611,-0.197039561,down,ns,0.934603081,-0.007224582,2.81E-05,0.076495884,ns,ns
P00558_YAEAVTR(pa)AK_,PGK1(R330),0.199859279,-0.11697916,0.00083552,-0.208670329,ns,ns,0.000410202,-0.11697916,4.57E-17,-0.208670329,ns,ns
P00734_GR(pa)VTGWGNLK_,F2(R500),0.254112935,0.07417141,0.791055417,0.024879944,ns,ns,0.001522075,0.087045217,1.66E-05,0.037753751,ns,ns
P00738_LR(pa)TEGDGVYTLNDK_,HP(R59),0.003495709,-0.228748142,0.001858618,-0.127080688,ns,ns,1.20E-06,-0.228748142,3.60E-06,-0.127080688,ns,ns
P00738_LR(pa)TEGDGVYTLNNEK_,HP(R118),0.005801674,0.299514453,5.66E-05,0.378629177,up,up,2.06E-07,0.299514453,1.42E-21,0.378629177,up,up
P00738_NPANPVQR(pa)_,HP(R161),0.068523214,0.28658316,0.036701192,0.331868719,ns,up,0.007443383,0.218409811,0.001147442,0.26369537,ns,up
P00738_VGYVSGWGR(pa)NANFK_,HP(R286),0.037868354,0.124529034,0.614129436,0.017137452,ns,ns,0.004174349,0.124529034,0.000433004,0.094525971,ns,ns
P00747_NLDENYCR(pa)NPDGK_,PLG(R325),0.000285582,0.366073911,0.001184291,0.337206811,up,up,4.37E-08,0.366073911,1.17E-18,0.337206811,up,up
P00747_NYR(pa)GTMSK_,PLG(R112),0.873885829,0.007595139,0.000743953,-0.340593876,ns,down,0.005768015,0.156644487,0.039640644,-0.080390187,ns,ns
P00751_ISVIR(pa)PSK_,CFB(R503),0.001905853,0.397922516,0.004345924,0.323111464,up,up,1.96E-06,0.397922516,8.52E-09,0.323111464,up,up
P00966_EDFEEAR(pa)K_,ASS1(R48),0.00011754,0.606327121,6.46E-05,1.285215883,up,up,8.78E-11,0.602857244,3.72E-19,1.281746006,up,up
P00966_GR(pa)NDLMEYAK_,ASS1(R157),0.014997493,-0.083179468,0.559035864,0.013211008,ns,ns,0.001575145,-0.074748203,0.012593161,0.021642273,ns,ns
P00966_QVEIAQR(pa)EGAK_,ASS1(R108),0.153805481,-0.061140095,0.000677125,-0.19437324,ns,ns,0.017375354,-0.061140095,2.51E-14,-0.19437324,ns,ns
P00966_SQER(pa)VEGK_,ASS1(R344),0.199235933,-0.356553866,0.021740072,-0.576772295,ns,down,5.31E-05,-0.377503352,6.52E-07,-0.597721781,down,down
P01008_ENAEQSR(pa)AAINK_,SERPINC1(R215),1.13E-05,0.480034455,1.78E-05,0.393942475,up,up,4.81E-10,0.498147236,4.42E-25,0.412055256,up,up
P01008_FSPENTR(pa)K_,SERPINC1(R267),0.007666734,-0.898948836,0.006387004,-0.743249753,down,down,0.00202372,-0.404021009,0.002174733,-0.248321926,down,ns
P01008_LVSANR(pa)LFGDK_,SERPINC1(R177),NA,NA,NA,NA,NA,NA,NA,NA,NA,NA,NA,NA
P01009_FLENEDR(pa)R_,SERPINA1(R305),4.11E-08,0.496381381,2.30E-08,0.394441752,up,up,1.09E-09,0.496381381,8.63E-23,0.394441752,up,up
P01023_R(pa)TTVMVK_,A2M(R117),0.799368642,-0.031856795,0.012015506,-0.136923453,ns,ns,0.003878439,0.093428526,0.776702864,-0.011638132,ns,ns
P01023_YGAATFTR(pa)TGK_,A2M(R1271),0.051499747,-0.017793821,0.000665903,-0.048676612,ns,ns,0.569941899,-0.00806295,0.060523631,-0.038945741,ns,ns
P01024_CR(pa)EALK_,C3(R1591),0.004469173,-0.165992592,0.023552693,-0.031295454,ns,ns,0.011222709,-0.165992592,0.311540894,-0.031295454,ns,ns
P01024_LGR(pa)EGVQK_,C3(R954),0.648480871,-0.069616019,7.72E-05,-0.272925025,ns,down,0.012044709,0.166248342,0.477815194,-0.037060664,ns,ns
P01024_NR(pa)WEDPGK_,C3(R1219),0.201576239,0.125377372,0.039768539,0.170939003,ns,ns,0.000477226,0.224576096,3.49E-13,0.263666733,ns,up
P01024_QLANGVDR(pa)YISK_,C3(R1427),0.008189546,0.25298302,0.016532646,0.206909709,ns,ns,3.55E-07,0.25298302,4.11E-10,0.206909709,ns,ns
P01024_R(pa)QGALELIK_,C3(R1042),0.976056002,-0.039557515,0.152221663,0.053353898,ns,ns,0.184623163,0.010626751,1.40E-11,0.103538164,ns,ns
P01042_AR(pa)VQVVAGK_,KNG1(R308),9.42E-05,-0.15686627,0.150387264,-0.050647425,ns,ns,6.64E-06,-0.15686627,0.003341995,-0.050647425,ns,ns
P01833_AAGSR(pa)DVSLAK_,PIGR(R571),0.00210985,-0.145009554,0.014996222,-0.090212798,ns,ns,0.000603723,-0.145009554,2.88E-05,-0.090212798,ns,ns
P01834_SFNR(pa)GEC_,IGKC(R104),0.246326487,0.087809756,0.032122683,0.148164024,ns,ns,0.033538078,0.087809756,9.35E-08,0.148164024,ns,ns
P01860_SCDTPPPCPR(pa)CPEPK_,IGHG3(R128),0.181821554,0.245386417,0.791265956,0.01144341,ns,ns,1.73E-10,0.425420799,5.08E-11,0.191477792,up,ns
P01871_QIQVSWLR(pa)EGK_,IGHM(R150),0.037687938,0.053020087,0.393376926,-0.041424179,ns,ns,0.949427537,0.004508751,0.001159779,-0.072160177,ns,ns
P01871_VTER(pa)TVDK_,IGHM(R427),0.211062844,0.175892922,0.754154246,0.085053459,ns,ns,9.54E-09,0.267642451,6.97E-15,0.176802988,up,ns
P01876_TIDR(pa)LAGK_,IGHA1(R331),0.01004145,0.400840602,0.001912803,0.366983722,up,up,1.84E-08,0.400840602,4.21E-18,0.366983722,up,up
P01876_WLQGSQELPR(pa)EK_,IGHA1(R273),0.005012272,0.023637134,2.68E-06,0.21129494,ns,ns,0.870744008,0.023637134,1.34E-11,0.21129494,ns,ns
P02545_FVR(pa)LR(pa)NK_,LMNA(R453;R455),0.000149408,-0.382255876,0.000318217,-0.293325474,down,down,9.88E-09,-0.382255876,5.95E-17,-0.345421866,down,down
P02545_ITR(pa)LQEK_,LMNA(R28),0.000387961,0.270437064,0.000376182,0.192131816,up,ns,0.747691915,0.053653259,0.169876696,-0.039300207,ns,ns
P02545_NIYSEELR(pa)ETK_,LMNA(R216),0.224304553,-0.084632415,0.077327173,0.022138299,ns,ns,1.16E-05,-0.161503058,0.951385734,0.004785024,ns,ns
P02647_ENGGAR(pa)LAEYHAK_,APOA1(R212),0.15185306,-0.105160141,0.16512599,0.102639735,ns,ns,0.023482601,0.034883388,5.44E-08,0.188768236,ns,ns
P02647_ETEGLR(pa)QEMSK_,APOA1(R107),1.64E-06,2.706458651,0.083831498,-0.105189192,up,ns,3.80E-11,2.531284427,3.06E-09,-0.135345566,up,ns
P02647_LAAR(pa)LEALK_,APOA1(R201),0.334319973,0.174566929,0.719872278,0.043778349,ns,ns,0.000600107,0.268265419,0.001320061,0.137476839,up,ns
P02647_LSPLGEEMR(pa)DR(pa)AR_,APOA1(R173;R175),0.849546785,-0.164790659,0.944979812,-0.052221171,ns,ns,0.171069632,0.190497639,0.013859687,0.303067127,ns,up
P02647_VEPLR(pa)AELQEGAR(pa)QK_,APOA1(R147;R155),0.019195494,-0.256290878,0.005438414,-0.165442486,ns,ns,2.28E-07,-0.256290878,4.91E-10,-0.165442486,ns,ns
P02647_WQEEMELYR(pa)QK_,APOA1(R140),0.09880133,-0.105454101,0.042408844,-0.125424562,ns,ns,0.000397541,-0.105454101,1.79E-09,-0.125424562,ns,ns
P02649_EQVAEVR(pa)AK_,APOE(R258),0.01694759,-0.169123768,4.29E-05,-0.224197541,ns,ns,3.24E-05,-0.169123768,1.27E-09,-0.214241747,ns,ns
P02649_LLR(pa)DADDLQK_,APOE(R168),0.404172146,-0.02289211,0.857015592,0.007962581,ns,ns,0.397158724,-0.02289211,0.374450852,0.007962581,ns,ns
P02649_R(pa)LLR(pa)DADDLQK_,APOE(R165;R168),0.073662745,0.326190178,0.022971177,0.458390107,ns,up,0.0143782,0.326190178,2.45E-08,0.458390107,up,up
P02671_CPSGCR(pa)MK_,FGA(R69),0.108717451,0.34456817,0.906110095,0.067603387,ns,ns,3.47E-05,0.455667793,1.83E-05,0.17870301,up,ns
P02671_DLLPSR(pa)DR_,FGA(R216),0.058480737,0.243604772,8.78E-05,-0.114926094,ns,ns,0.025976133,0.231363808,0.005173681,-0.094529073,ns,ns
P02671_DR(pa)QHLPLIK_,FGA(R218),0.775782157,0.001943782,0.522697171,-0.050703814,ns,ns,0.066591116,0.102034401,4.53E-09,0.162744324,ns,ns
P02671_GDFSSANNR(pa)DNTYNR_,FGA(R123),1.57E-05,0.227385633,0.021316001,-0.067165001,ns,ns,2.27E-05,0.227385633,0.000363604,-0.067165001,ns,ns
P02671_GPR(pa)VVER_,FGA(R38),0.0022145,0.894115558,0.003128772,1.047714956,up,up,1.58E-05,0.894115558,7.46E-08,1.047714956,up,up
P02671_GSCSR(pa)ALAR(pa)EVDLK_,FGA(R186;R190),0.000292928,0.309486195,1.88E-05,0.374429282,up,up,6.46E-08,0.309486195,1.58E-20,0.374429282,up,up
P02671_NVR(pa)AQLVDMK_,FGA(R160),0.092969494,-0.064221395,0.004405589,-0.081201782,ns,ns,0.011340476,-0.064221395,0.000188108,-0.081201782,ns,ns
P02671_QFTSSTSYNR(pa)GDSTFESK_,FGA(R591),0.003943382,0.371987581,0.012752105,0.257024123,up,ns,1.30E-08,0.371987581,5.91E-14,0.257024123,up,ns
P02671_R(pa)EYHTEK_,FGA(R426),0.523454464,0.025630777,0.771509006,0.065195224,ns,ns,0.054145373,0.057980687,0.00016426,0.084674171,ns,ns
P02671_SCR(pa)GSCSR(pa)ALAR_,FGA(R181;R186),0.013651394,-0.127947534,0.986570236,-0.000582369,ns,ns,0.94493748,-0.005189946,1.13E-05,0.122175219,ns,ns
P02671_VTSGSTTTTR(pa)R(pa)SCSK_,FGA(R458;R459),0.866881207,-0.009952647,0.878012397,0.033861613,ns,ns,0.002929862,0.155760709,4.05E-11,0.199574969,ns,ns
P02675_ECEEIIR(pa)K_,FGB(R246),1.76E-06,0.398429168,5.52E-06,0.373811954,up,up,6.08E-12,0.59176101,8.37E-34,0.567143796,up,up
P02675_IR(pa)PFFPQQ_,FGB(R485),NA,NA,NA,NA,NA,NA,NA,NA,NA,NA,NA,NA
P02675_R(pa)EEAPSLR_,FGB(R53),0.359156401,-0.019343468,0.215621713,0.008682076,ns,ns,0.126770954,-0.022461667,0.865419401,0.005563877,ns,ns
P02675_SILENLR(pa)SK_,FGB(R206),1.34E-05,0.763793151,2.44E-06,0.839453643,up,up,2.42E-12,0.763793151,1.69E-27,0.839453643,up,up
P02679_R(pa)LDGSVDFK_,FGG(R223),0.005051581,0.218867629,0.000189783,0.129108035,ns,ns,1.86E-05,0.218867629,1.03E-09,0.129108035,ns,ns
P02749_ATVVYQGER(pa)VK_,APOH(R279),1.59E-05,0.393800823,1.98E-07,0.440481563,up,up,4.89E-12,0.393800823,2.77E-29,0.440481563,up,up
P02749_LPECR(pa)EVK_,APOH(R201),0.010091822,0.383005688,0.003820067,0.256350327,up,ns,7.70E-05,0.620662637,0.001024956,0.494007276,up,up
P02751_SEPLIGR(pa)K_,FN1(R1988),0.000641086,0.384787089,0.000266951,0.417816556,up,up,2.90E-06,0.864134959,2.23E-09,0.897164426,up,up
P02774_SR(pa)LSNLIK_,GC(R232),0.043769347,0.078508488,0.00032433,0.431556685,ns,up,0.34209511,0.037855134,1.14E-06,0.391835071,ns,up
P02787_AVGNLR(pa)K_,TF(R682),0.045482816,-0.090400476,0.030343524,-0.040670695,ns,ns,0.030855013,-0.097391121,0.88041137,-0.013084967,ns,ns
P02787_DSGFQMNQLR(pa)GK_,TF(R132),1.71E-07,-0.501798708,9.99E-09,-0.426818904,down,down,1.02E-11,-0.501798708,1.03E-26,-0.426818904,down,down
P02787_DYELLCLDGTR(pa)K_,TF(R587),0.087178871,0.202130371,0.642444143,0.029951861,ns,ns,1.11E-05,0.240953733,0.000553734,0.068775223,ns,ns
P02787_LHDR(pa)NTYEK_,TF(R663),1.66E-05,-0.247921936,2.11E-05,-0.164048019,ns,ns,0.000799335,-0.149074433,0.123493299,-0.065200516,ns,ns
P02787_VPPR(pa)MDAK_,TF(R327),0.588918136,0.010516396,0.007709159,-0.07143243,ns,ns,0.12811494,0.031895772,0.032564653,-0.050053054,ns,ns
P02790_WDR(pa)ELISER_,HPX(R83),0.744118897,0.059256274,0.34631966,0.023899642,ns,ns,0.007604563,0.068558653,0.000298939,0.033202021,ns,ns
P04075_ADDGR(pa)PFPQVIK_,ALDOA(R92),0.019906021,0.319108671,0.0040784,0.33011307,up,up,0.00021951,0.319108671,1.01E-14,0.33011307,up,up
P04075_R(pa)ALANSLACQGK_,ALDOA(R331),0.115595504,-0.107258806,0.273724123,0.11123637,ns,ns,0.001699875,-0.107258806,1.42E-05,0.11123637,ns,ns
P04083_R(pa)NNAQR(pa)QQIK_,ANXA1(R72;R77),0.209304824,-0.065010409,0.885322952,0.095186094,ns,ns,0.03996599,0.012310767,1.95E-11,0.17250727,ns,ns
P04114_EDR(pa)ALVDTLK_,APOB(R1027),0.026474805,-0.549479625,0.045855524,-0.651986725,down,down,5.22E-05,-0.549479625,7.45E-09,-0.651986725,down,down
P04114_INSR(pa)FFGEGTK_,APOB(R297),0.000325426,-0.367141036,0.000320191,-0.229734911,down,ns,0.000378894,-0.362387014,3.62E-06,-0.224980889,down,ns
P04406_LVTR(pa)AAFNSGK_,GAPDH(R20),0.006867864,0.283737403,1.26E-05,0.474922763,up,up,2.17E-05,0.283737403,6.86E-21,0.474922763,up,up
P04406_VGVNGFGR(pa)IGR_,GAPDH(R13),0.038442481,-0.237288059,0.016913484,-0.330216987,ns,down,NA,NA,7.15E-08,-0.216494549,NA,ns
P04844_SVASR(pa)ATVLQK_,RPN2(R316),0.112331428,0.27184154,0.008458946,0.355002825,ns,up,2.92E-07,0.27184154,1.47E-15,0.355002825,up,up
P05023_LNIPVSQVNPR(pa)DAK_,ATP1A1(R658),0.28339627,-0.168988052,0.578271933,0.330029893,ns,ns,0.000380311,-0.579711615,0.624262773,0.079081514,down,ns
P05023_R(pa)AVAGDASESALLK_,ATP1A1(R445),0.042069329,0.168624657,0.016648824,0.105324743,ns,ns,0.008485687,0.168624657,0.002878591,0.105324743,ns,ns
P05026_TEISFR(pa)PNDPK_,ATP1B1(R91),0.076864347,0.490295603,0.053016529,0.493442776,ns,ns,0.004076854,-0.231051461,0.000212717,-0.227904288,ns,ns
P05062_AHR(pa)FPALTQEQK_,ALDOB(R4),0.138772872,-0.104977022,1.37E-05,-0.197967258,ns,ns,0.134783265,0.024795157,0.129037849,-0.068195079,ns,ns
P05062_LFR(pa)NILK_,ALDOB(R95),0.972691623,-0.014542821,0.060174286,0.142219248,ns,ns,6.86E-09,0.305546141,7.42E-20,0.46230821,up,up
P05062_R(pa)AMANCQAAK_,ALDOB(R331),0.500697247,0.101165922,0.16916229,-0.03238455,ns,ns,1.42E-05,0.166224487,0.000325611,0.032674015,ns,ns
P05062_VENTEENR(pa)R(pa)QFR_,ALDOB(R56;R57),0.112157926,-1.18670976,0.096892053,-1.409197724,ns,ns,0.050538457,-0.318549855,0.01970406,-0.52838894,ns,down
P05091_SR(pa)VVGNPFDSK_,ALDH2(R346),0.934414935,-0.025651234,0.010356556,0.089174855,ns,ns,0.000401175,0.1423815,2.17E-17,0.257207589,ns,ns
P05141_AGAER(pa)EFR_,SLC25A5(R152),0.396842223,0.064985671,0.055229261,-0.064061317,ns,ns,0.079410994,0.089895293,0.969908327,-0.007909584,ns,ns
P05141_TR(pa)LAADVGK_,SLC25A5(R140),0.114340089,-0.176189581,0.724108283,-0.063021455,ns,ns,0.108709449,0.006458523,1.14E-08,0.119626649,ns,ns
P05783_ASLENSLR(pa)EVEAR_,KRT18(R325),0.000651697,0.383019918,0.008801768,0.299794313,up,up,0.000497936,0.324432303,3.10E-06,0.299794313,up,up
P05783_TTTR(pa)R(pa)IVDGK_,KRT18(R411;R412),0.987619025,0.016559888,0.016879768,0.213616312,ns,ns,0.052368065,0.048341008,1.45E-15,0.245397432,ns,ns
P06576_TIAMDGTEGLVR(pa)GQK_,ATP5F1B(R121),0.22386992,-0.145338159,0.014978578,-0.225323843,ns,ns,0.00030098,-0.1466625,1.49E-06,-0.226648184,ns,ns
P06727_GR(pa)LTPYADEFK_,APOA4(R200),0.33131164,0.140161136,0.241062906,0.158858754,ns,ns,0.004780197,0.129428029,2.40E-10,0.158858754,ns,ns
P06733_FAGR(pa)NFR(pa)NPLAK_,ENO1(R426;R429),0.330163003,0.120936882,0.0073257,0.297558741,ns,up,1.15E-05,0.216233954,2.45E-22,0.392855813,ns,up
P06733_NFR(pa)NPLAK_,ENO1(R429),0.046261755,0.090134507,0.004386989,0.293506356,ns,up,0.099319358,0.091873557,3.27E-09,0.295245406,ns,up
P06744_AALTR(pa)DPQFQK_,GPI(R6),0.02103526,-0.447809463,0.004906773,-0.527820089,down,down,0.51676394,0.204582445,0.596499621,0.124571819,ns,ns
P06744_QQR(pa)EAR(pa)VQ_,GPI(R553;R556),0.010909498,0.779692315,0.00092281,0.910886154,up,up,3.28E-05,0.779692315,9.27E-11,0.896528604,up,up
P06744_SFCQR(pa)VR(pa)SGDWK_,GPI(R135;R137),0.041494231,0.146088774,0.004592589,0.142747034,ns,ns,0.000529835,0.141869872,7.22E-08,0.142747034,ns,ns
P06748_SIR(pa)DTPAK_,NPM1(R197),1.69E-05,0.340339621,0.000161396,0.292578552,up,up,0.00493279,0.187969311,8.07E-05,0.140208242,ns,ns
P07237_FFR(pa)NGDTASPK_,P4HB(R106),0.001321322,-0.548289684,0.000317799,-0.588734202,down,down,6.67E-05,-0.535791361,1.14E-13,-0.576235879,down,down
P07305_NR(pa)AGSSR(pa)QSIQK_,H1-0(R42;R47),0.000976403,-0.162728207,4.55E-06,-0.219026476,ns,ns,0.240755598,-0.038965525,0.016370193,-0.095263794,ns,ns
P07305_R(pa)LVTTGVLK_,H1-0(R74),0.750247929,-0.013257108,0.917506465,-0.158057452,ns,ns,4.27E-10,0.693292613,1.92E-15,0.548492269,up,up
P07339_VER(pa)QVFGEATK_,CTSD(R176),0.001495006,0.022659542,0.000722288,0.010077478,ns,ns,0.969431216,0.022659542,0.9864864,0.010077478,ns,ns
P07355_DIISDTSGDFR(pa)K_,ANXA2(R168),0.000117481,0.121949931,0.001168458,0.151577504,ns,ns,0.065551307,0.121949931,2.52E-10,0.151577504,ns,ns
P07355_IR(pa)SEFK_,ANXA2(R304),0.00690541,-0.149316395,0.034557424,-0.115837381,ns,ns,0.009127037,-0.103879861,7.22E-07,-0.115837381,ns,ns
P07585_ISR(pa)VDAASLK_,DCN(R235),1.73E-06,0.531260344,1.59E-07,0.672472077,up,up,3.60E-11,0.576555749,7.43E-28,0.717767482,up,up
P07585_LER(pa)LYLSK_,DCN(R133),0.017703039,-0.17768211,0.081438191,-0.073034731,ns,ns,1.19E-05,-0.17768211,0.003011541,-0.073034731,ns,ns
P07900_IR(pa)YESLTDPSK_,HSP90AA1(R60),0.170279324,-0.162461114,0.042280914,-0.184751502,ns,ns,0.036943099,0.096821408,0.000118541,0.07453102,ns,ns
P08603_ENER(pa)FQYK_,CFH(R232),0.017833196,-0.532658489,0.000132571,-0.343969412,down,down,0.097145825,-0.476672903,4.39E-16,-0.31388229,ns,down
P08603_R(pa)ITCR(pa)NGQWSEPPK_,CFH(R1149;R1153),0.775646663,-0.049198153,0.967506068,-0.02957324,ns,ns,0.001759651,-0.326974611,8.97E-08,-0.307349698,down,down
P08603_SCDIPVFMNAR(pa)TK_,CFH(R518),0.461034883,-0.141010289,0.055532269,-0.218650691,ns,ns,0.002158673,0.15066314,5.52E-05,0.074609586,ns,ns
P08670_AR(pa)VEVER_,VIM(R170),0.000309102,0.243452208,6.11E-07,0.327806269,ns,up,1.94E-12,0.243452208,1.27E-30,0.327806269,ns,up
P08670_FADLSEAANR(pa)NNDALR_,VIM(R304),0.890658979,-0.133837444,0.736368952,-0.06867027,ns,ns,1.34E-06,0.201305085,1.68E-20,0.266472259,ns,up
P08670_GTNESLER(pa)QMR_,VIM(R342),0.004016955,0.215337052,0.002890535,0.207048162,ns,ns,2.51E-07,0.215337052,7.91E-17,0.207048162,ns,ns
P08670_NNDALR(pa)QAK_,VIM(R310),0.06463324,-0.084978789,0.001160364,-0.116050873,ns,ns,2.89E-07,-0.119458552,1.80E-18,-0.150530636,ns,ns
P08670_R(pa)QVDQLTNDK_,VIM(R159),0.129381565,0.151519175,0.291971578,0.104884276,ns,ns,0.000192476,0.151519175,6.56E-08,0.104884276,ns,ns
P08670_SR(pa)LGDLYEEEMR_,VIM(R145),0.107312951,-0.039912201,0.448689511,0.017885316,ns,ns,0.149785981,-0.039912201,0.076002382,0.017885316,ns,ns
P08708_AAR(pa)VIIEK_,RPS17(R14),0.097058325,-0.065011786,0.009756119,-0.117801014,ns,ns,0.584702041,-0.01037238,0.005633686,-0.063161608,ns,ns
P09382_VR(pa)GEVAPDAK_,LGALS1(R21),0.006848551,0.349355209,0.022658042,0.374693392,up,up,1.76E-07,0.375639027,6.30E-12,0.40097721,up,up
P09493_HIAEDADR(pa)K_,TPM1(R160),0.112664149,-0.363571935,0.102718792,-0.325319404,ns,ns,0.382192922,-0.150472645,0.394517408,-0.112220114,ns,ns
P09493_VIESR(pa)AQK_,TPM1(R133),0.917220293,-0.000397991,0.40163729,-0.078408646,ns,ns,2.11E-10,0.190893033,2.48E-11,0.112882378,ns,ns
P09669_FR(pa)VADQR(pa)K_,COX6C(R40;R45),2.00E-06,0.369188523,0.007025581,0.249742837,up,ns,1.73E-05,0.369188523,7.93E-07,0.249742837,up,ns
P0C0L4_QR(pa)VEASISK_,C4A(R1167),0.13606443,0.387862889,0.052949486,0.261640261,ns,ns,0.001230478,0.391976507,1.18E-11,0.257116947,up,ns
P10515_GR(pa)VFVSPLAK_,DLAT(R354),0.002183319,-0.102018741,0.000661641,-0.15800259,ns,ns,0.073173039,-0.102018741,5.73E-07,-0.15800259,ns,ns
P10643_NAR(pa)CVQK_,C7(R687),0.014182601,0.362936104,0.025218229,0.368284445,up,up,3.98E-05,0.335854251,6.85E-12,0.368284445,up,up
P10809_APGFGDNR(pa)K_,HSPD1(R309),0.098570547,-0.054114047,0.000110098,-0.250333464,ns,ns,0.211420018,0.007708752,1.58E-08,-0.20387679,ns,ns
P10809_LNER(pa)LAK_,HSPD1(R393),1.50E-05,-0.386864658,0.000112305,-0.434738663,down,down,1.03E-09,-0.386864658,1.43E-16,-0.434738663,down,down
P10909_ALQEYR(pa)K_,CLU(R443),0.042046033,-0.124287841,0.245304768,0.044671568,ns,ns,0.005109418,-0.116763117,0.117352398,0.052196292,ns,ns
P11021_DNR(pa)AVQK_,HSPA5(R283),0.101143129,-0.141808674,0.001750424,-0.191063257,ns,ns,0.004114535,-0.141808674,2.56E-05,-0.191063257,ns,ns
P11142_R(pa)NTTIPTK_,HSPA8(R416),0.001048699,0.211876617,0.297886195,0.043490781,ns,ns,7.05E-11,0.391114665,5.39E-16,0.222728829,up,ns
P11168_ER(pa)EEASSEQK_,SLC2A2(R280),0.091789065,-0.352613609,4.96E-06,-0.354697462,ns,down,0.000860631,-0.349584887,1.38E-17,-0.354697462,down,down
P11310_EFQATAR(pa)K_,ACADM(R53),0.078642897,-0.557717696,0.024956129,-0.458023126,ns,down,0.001186388,-0.351021503,0.000112945,-0.233962936,down,ns
P12111_FR(pa)QSSPDSVK_,COL6A3(R1938),0.576425116,0.102485007,0.000835435,-0.273569954,ns,down,0.009969396,0.102485007,3.34E-15,-0.273569954,ns,down
P12111_R(pa)EVITAVR(pa)K_,COL6A3(R506;R513),1.67E-05,-0.834266134,9.28E-06,-0.630849841,down,down,4.35E-10,-0.740181015,1.03E-20,-0.536764722,down,down
P12111_SSDR(pa)VDGPASNLK_,COL6A3(R955),0.191572033,0.055133544,0.164108723,-0.021666288,ns,ns,0.383757933,0.028629992,0.111858515,-0.021666288,ns,ns
P12277_R(pa)LR(pa)LQK_,CKB(R314;R316),0.001871775,1.985830971,0.004846227,1.878329181,up,up,3.56E-06,1.787496395,1.41E-09,1.710890847,up,up
P13073_VELYR(pa)IK_,COX4I1(R83),0.254700817,0.265316284,0.03011597,-0.086632496,ns,ns,9.57E-06,0.312133816,0.396025097,-0.039814964,up,ns
P13639_GEGQLGPAER(pa)AK_,EEF2(R249),3.94E-06,-0.289114882,1.69E-05,-0.214684362,down,ns,2.75E-05,-0.284189801,1.55E-07,-0.214684362,down,ns
P13804_VVVSGGR(pa)GLK_,ETFA(R223),2.24E-05,-0.294892253,1.44E-05,-0.125077322,down,ns,3.51E-08,-0.278519264,1.36E-08,-0.108704333,down,ns
P14174_IGGAQNR(pa)SYSK_,MIF(R74),0.008876695,-0.35846551,0.247455063,-0.253171576,down,ns,0.002103865,-0.385625959,0.000402159,-0.280332025,down,down
P14550_AVPR(pa)EELFVTSK_,AKR1A1(R72),0.439704697,0.047252093,0.724214759,0.065489856,ns,ns,0.009385748,0.047252093,6.00E-05,0.065489856,ns,ns
P14618_APIIAVTR(pa)NPQTAR_,PKM(R455),0.232786633,0.13104751,0.003973527,0.168719146,ns,ns,4.31E-06,0.13104751,2.39E-16,0.168719146,ns,ns
P14618_GPEIR(pa)TGLIK_,PKM(R120),0.043052211,0.168849075,0.091711847,0.138142778,ns,ns,0.000649971,0.168849075,9.46E-07,0.138142778,ns,ns
P14625_ESR(pa)EAVEK_,HSP90B1(R608),0.218206995,0.107191136,0.94529418,0.072812352,ns,ns,0.002246187,0.107191136,3.03E-05,0.072812352,ns,ns
P14625_R(pa)FQNVAK_,HSP90B1(R587),0.533441767,0.008292266,0.056464895,0.248837053,ns,ns,0.172251185,0.008292266,1.01E-19,0.248837053,ns,ns
P15121_SVTPER(pa)IAENFK_,AKR1B1(R269),0.010030543,0.664642263,0.000122546,0.509211662,up,up,1.66E-06,0.638330107,1.25E-15,0.509211662,up,up
P15311_AQAR(pa)EEK_,EZR(R310),NA,NA,NA,NA,NA,NA,0.077382752,0.120127646,5.10E-05,0.476852063,ns,up
P15311_QLER(pa)QQLETEK_,EZR(R320),0.139829352,0.266972541,0.926006142,0.161549888,ns,ns,0.001774093,0.266972541,1.29E-05,0.166052165,up,ns
P15311_TLR(pa)QIR(pa)QGNTK_,EZR(R569;R572),NA,NA,NA,NA,NA,NA,0.002404328,0.134293464,0.00366594,0.091893411,ns,ns
P15311_VSAQEVR(pa)K_,EZR(R71),0.017009112,-0.408651596,0.00426391,-0.789423263,down,down,0.002093171,-0.49572492,0.000556089,-0.876496587,down,down
P16401_ER(pa)NGLSLAALK_,H1-5(R57),0.642400453,-0.09668582,0.433527553,-0.122041538,ns,ns,0.004789079,0.082701794,0.000256135,0.07485057,ns,ns
P16422_SLR(pa)TALQK_,EPCAM(R163),0.768548134,-0.170653733,0.949219208,-0.080825196,ns,ns,3.00E-07,0.303850271,3.29E-18,0.393678808,up,up
P16662_R(pa)VINDPSYK_,UGT2B7(R431),9.48E-05,-0.766815491,5.32E-05,-0.629177148,down,down,4.41E-10,-0.748203895,1.10E-17,-0.610565552,down,down
P18124_R(pa)R(pa)NFAELK_,RPL7(R22;R23),NA,NA,0.007322662,-0.510347238,NA,down,0.091318298,-0.95432499,2.16E-05,-0.27534891,ns,down
P18206_NR(pa)NFTVEK_,VCL(R230),0.002123309,-0.135532625,2.28E-06,-0.284475009,ns,down,0.01736815,-0.057735249,1.55E-12,-0.206677633,ns,ns
P19338_GQNQDYR(pa)GGK_,NCL(R474),0.003244513,-0.471088466,1.47E-05,-0.480758226,down,down,0.477550613,-0.17050983,0.009025003,-0.199874516,ns,ns
P19827_R(pa)QAVDTAVDGVFIR_,ITIH1(R41),0.128996012,-0.912474048,0.121141314,-0.841720323,ns,ns,0.171082344,-0.131066232,0.624415895,-0.060312507,ns,ns
P19827_VTYDVSR(pa)DK_,ITIH1(R264),0.006654093,0.529266669,4.15E-05,0.686474536,up,up,0.019224486,0.862858749,5.61E-15,0.853254185,up,up
P20962_R(pa)AAEEEDEADPK_,PTMS(R81),0.404853264,0.03032591,0.000410843,0.442148912,ns,up,0.167088232,0.023068245,5.44E-15,0.442148912,ns,up
P21333_AEISFEDR(pa)K_,FLNA(R2288),0.069059652,0.106648402,0.11700796,-0.003230533,ns,ns,0.000170228,0.106648402,0.305379499,-0.003230533,ns,ns
P21333_AR(pa)GPGLEK_,FLNA(R678),0.048901646,0.267775097,0.293265781,-0.062018817,up,ns,1.59E-12,0.434735675,7.10E-12,0.104941761,up,ns
P21333_R(pa)LTVSSLQESGLK_,FLNA(R2334),0.242340903,0.112321312,0.034596635,0.169342923,ns,ns,0.110886839,0.112321312,5.55E-05,0.169342923,ns,ns
P21333_VR(pa)AWGPGLEGGVVGK_,FLNA(R580),0.674122801,0.058522263,0.568164874,0.059966921,ns,ns,0.066785061,0.058522263,0.000352118,0.059966921,ns,ns
P21695_VAEAFAR(pa)TGK_,GPD1(R279),0.035767932,0.542847295,0.017434085,0.668864983,up,up,2.48E-06,0.542847295,8.97E-13,0.666081396,up,up
P21796_SAR(pa)DVFTK_,VDAC1(R15),7.80E-07,-0.551397882,3.14E-07,-0.480528501,down,down,1.79E-12,-0.475119074,3.31E-25,-0.431453222,down,down
P21796_SR(pa)VTQSNFAVGYK_,VDAC1(R163),0.202960544,0.298965152,0.015869517,0.374917411,ns,up,0.000194482,0.298965152,1.28E-13,0.374917411,up,up
P21810_AFSPLR(pa)K_,BGN(R138),0.126404768,0.217229523,0.621256138,0.056290409,ns,ns,0.018350933,0.217229523,0.141218528,0.056290409,ns,ns
P22307_FSDR(pa)TIPTDK_,SCP2(R136),7.44E-06,-0.828288358,3.49E-06,-0.772569574,down,down,1.49E-10,-0.68009276,8.85E-21,-0.624373976,down,down
P22626_TLETVPLER(pa)K_,HNRNPA2B1(R12),0.00010694,-0.133354752,4.58E-06,-0.226358404,ns,ns,0.000118208,-0.133354752,1.73E-16,-0.226358404,ns,ns
P22695_ANYR(pa)GGEIR_,UQCRC2(R254),0.898745351,0.188740629,0.887268005,0.181326032,ns,ns,4.21E-05,0.171429283,2.83E-11,0.181326032,ns,ns
P23284_VLEGMEVVR(pa)K_,PPIB(R180),2.48E-06,0.284018203,0.00889845,0.093996178,up,ns,5.42E-07,0.284018203,3.72E-05,0.093996178,up,ns
P23528_DR(pa)CTLAEK_,CFL1(R146),0.111961354,0.27033603,0.00024379,-0.097772423,ns,ns,1,0.315766205,4.10E-05,-0.097772423,ns,ns
P25705_AVDSLVPIGR(pa)GQR_,ATP5F1A(R204),0.747590291,0.016259356,0.186543284,0.031129007,ns,ns,0.133818227,0.051608726,6.19E-09,0.129798977,ns,ns
P25705_ISVR(pa)EPMQTGIK_,ATP5F1A(R186),0.020663652,0.005733349,0.001992157,0.044962237,ns,ns,0.903685674,0.005733349,0.080828282,0.044962237,ns,ns
P25705_R(pa)LTDADAMK_,ATP5F1A(R262),0.027159343,0.216462988,0.011526094,0.262313658,ns,ns,1.14E-08,0.343220871,4.58E-22,0.389071541,up,up
P25705_R(pa)STVAQLVK_,ATP5F1A(R253),0.010798663,0.296881798,0.000564996,0.329880199,up,up,1.33E-09,0.359732526,1.56E-24,0.392730927,up,up
P25705_VGSAAQTR(pa)AMK_,ATP5F1A(R424),0.167981858,-1.650501753,0.106914087,-2.113021008,ns,ns,0.024795137,-1.650501753,0.014470611,-2.113021008,down,down
P26038_EALLQASR(pa)DQK_,MSN(R408),1.69E-05,-0.453856077,4.77E-08,-0.426155778,down,down,3.28E-11,-0.387079801,1.42E-22,-0.342090375,down,down
P26038_VTAQDVR(pa)K_,MSN(R71),NA,NA,NA,NA,NA,NA,NA,NA,NA,NA,NA,NA
P27348_YLAEVACGDDR(pa)K_,YWHAQ(R138),0.086097314,-0.094291738,0.040827474,-0.097805281,ns,ns,0.012357002,-0.094291738,0.002626066,-0.097805281,ns,ns
P27824_GLVLMSR(pa)AK_,CANX(R125),6.53E-07,0.373737073,4.45E-05,0.336341574,up,up,1.83E-11,0.391267968,6.58E-33,0.380323331,up,up
P29401_GR(pa)GITGVEDK_,TKT(R246),0.001858972,-0.188633171,2.40E-06,-0.339534345,ns,down,0.000576361,-0.13373086,3.60E-15,-0.284632034,ns,down
P29972_SSDLTDR(pa)VK_,AQP1(R241),0.181959062,0.159546411,0.226656058,0.085042931,ns,ns,1.71E-05,0.317976972,3.90E-19,0.243473492,up,ns
P30038_AIEAALAAR(pa)K_,ALDH4A1(R113),0.678908248,-0.044572285,0.743296835,-0.057668854,ns,ns,0.018941442,-0.107411747,0.026348567,-0.120508316,ns,ns
P30041_R(pa)VATPVDWK_,PRDX6(R174),0.48956187,-0.075533903,0.755886922,0.006856635,ns,ns,0.001006974,0.088833756,2.73E-14,0.171224293,ns,ns
P30043_VLR(pa)ESGLK_,BLVRB(R140),0.268940135,-0.03716733,0.053904554,0.105179993,ns,ns,0.013155143,-0.063133541,6.73E-07,0.105179993,ns,ns
P30084_NNTVGLIQLNR(pa)PK_,ECHS1(R54),0.00097824,-0.237741541,8.15E-08,-0.39426899,ns,down,0.253160016,-0.066039931,1.23E-07,-0.22256738,ns,ns
P30086_NR(pa)PTSISWDGLDSGK_,PEBP1(R49),5.22E-05,-0.479142686,8.08E-06,-0.301763801,down,down,3.86E-09,-0.479142686,4.14E-09,-0.301763801,down,down
P30086_VASFR(pa)K_,PEBP1(R155),0.000210641,-0.244908567,0.145874509,-0.059257214,ns,ns,3.65E-07,-0.172276829,0.00502866,0.013374524,ns,ns
P30101_LNFAVASR(pa)K_,PDIA3(R304),2.68E-06,-0.929682146,5.10E-05,-0.940980383,down,down,4.23E-09,-0.939667475,1.09E-20,-0.950965712,down,down
P31040_IYQR(pa)AFGGQSLK_,SDHA(R171),0.073963732,0.503925935,0.358636802,0.292205547,ns,ns,7.99E-08,0.464264377,2.26E-16,0.292205547,up,up
P31327_EWPSNLDLR(pa)K_,CPS1(R840),0.977369447,-0.138513406,0.009311526,-0.59679402,ns,down,0.015511104,0.178084083,0.0009169,-0.280196531,ns,down
P31327_LR(pa)DADPILR_,CPS1(R1319),0.808976295,0.211264351,0.984126897,0.25835791,ns,ns,0.072559094,-0.15863424,1.29E-09,0.25835791,ns,ns
P31327_LSR(pa)SSALASK_,CPS1(R721),0.001682384,-0.390892701,0.000258644,-0.363358281,down,down,0.034799216,-0.181513962,0.004780089,-0.153979542,ns,ns
P31513_SR(pa)NNEIILFK_,FMO3(R346),0.53291774,0.310307201,0.108712204,0.446017615,ns,ns,8.02E-08,0.310307201,1.54E-22,0.446017615,up,up
P31930_NR(pa)PGSALEK_,UQCRC1(R104),0.000159828,0.368660558,6.31E-06,0.463883023,up,up,8.48E-10,0.368660558,2.00E-22,0.463883023,up,up
P35268_AGNLGGGVVTIER(pa)SK_,RPL22(R65),0.115795875,-0.506254432,0.239316541,-0.324292297,ns,ns,0.004703643,-0.18355545,0.768325953,-0.001593315,ns,ns
P35542_AEEWGR(pa)SGK_,SAA4(R113),0.243304597,-0.069043485,0.023511756,-0.229160561,ns,ns,0.010155679,-0.099379869,2.77E-06,-0.22495051,ns,ns
P35579_AELER(pa)LNK_,MYH9(R1497),1,-0.039743936,0.732956241,0.089454286,ns,ns,0.281157465,-0.164186363,0.001171078,0.131258148,ns,ns
P35579_ASR(pa)EEILAQAK_,MYH9(R1661),0.006214075,0.548743014,0.009848789,0.617054699,up,up,3.29E-06,1.182069816,3.36E-08,1.250381501,up,up
P35579_ER(pa)QAACK_,MYH9(R1830),0.201399822,0.196895325,0.000490855,0.242515103,ns,ns,0.100833683,0.08109153,8.47E-15,0.329779054,ns,up
P35579_NENAR(pa)QQLER_,MYH9(R1780),0.980445819,0.025691148,0.402539459,0.116227745,ns,ns,0.118301449,0.025691148,0.00117367,0.059097406,ns,ns
P35579_R(pa)EQEVNILK_,MYH9(R1165),0.128277647,0.171137728,0.031136663,0.159397556,ns,ns,3.15E-06,0.171137728,9.30E-12,0.159397556,ns,ns
P35579_R(pa)QQQLTAMK_,MYH9(R802),0.009470183,-1.545275808,0.009416107,-1.383685901,down,down,0.000271506,-1.5275039,3.05E-12,-1.383685901,down,down
P35579_SR(pa)AIR(pa)QAK_,MYH9(R263;R266),0.59114811,0.247674593,0.118074635,-0.001994172,ns,ns,0.003232178,0.256962054,0.700094138,-0.001994172,ns,ns
P35579_VGR(pa)DYVQK_,MYH9(R398),7.88E-05,0.527280275,0.00371886,0.27696395,up,up,1.69E-10,0.527280275,1.10E-11,0.27696395,up,up
P35711_QR(pa)QQMELAK_,SOX5(R235),0.017192762,0.225600138,0.00012744,0.303084658,ns,up,7.76E-05,0.225600138,1.45E-13,0.303084658,ns,up
P35749_ASR(pa)DEIFATAK_,MYH11(R1668),8.40E-08,-0.579444052,1.72E-07,-0.461527027,down,down,7.13E-15,-0.579444052,4.37E-31,-0.461527027,down,down
P35749_NESAR(pa)QQLER_,MYH11(R1787),0.079378083,-0.132140281,1.52E-05,-0.252555943,ns,ns,0.016467435,-0.075222689,7.33E-08,-0.195638351,ns,ns
P35749_QR(pa)ALAAAAK_,MYH11(R1612),0.069807886,0.052753899,0.078614501,0.032889722,ns,ns,1.82E-05,0.406719254,2.55E-08,0.386855077,up,up
P35749_R(pa)LVWVPSEK_,MYH11(R34),9.39E-05,-0.294760921,0.102118125,0.073447277,down,ns,3.15E-06,-0.294760921,0.0012848,0.073447277,down,ns
P35749_SILTPR(pa)IK_,MYH11(R400),0.53797188,-0.341879737,0.510011647,-0.456886162,ns,ns,3.86E-05,0.725415525,3.88E-09,0.6104091,up,up
P35749_VGR(pa)DVVQK_,MYH11(R405),0.113829842,0.193612773,0.827750458,0.100065062,ns,ns,3.27E-13,0.430986836,5.14E-28,0.337439125,up,up
P35749_WILTR(pa)VNK_,MYH11(R439),NA,NA,NA,NA,NA,NA,NA,NA,NA,NA,NA,NA
P36542_DITR(pa)R(pa)LK_,ATP5F1C(R33;R34),0.039458341,-0.208629545,0.010657863,-0.279034298,ns,down,9.96E-06,-0.208629545,9.91E-18,-0.279034298,ns,down
P37802_ENPR(pa)NFSDNQLQEGK_,TAGLN2(R160),0.000165212,-0.235981875,1.51E-05,-0.171869185,ns,ns,0.005459032,-0.179554065,0.005740842,-0.115441375,ns,ns
P38646_LINR(pa)NTTIPTK_,HSPA9(R460),0.001974879,-0.168385218,0.003542126,-0.080398084,ns,ns,0.022194591,-0.140477923,0.013850405,-0.080398084,ns,ns
P38646_R(pa)ETGVDLTK_,HSPA9(R292),0.111810353,-0.125920407,0.023534265,-0.22488848,ns,ns,0.09105863,-0.125920407,1.02E-09,-0.22488848,ns,ns
P39023_LLPLR(pa)QK_,RPL3(R174),0.001200311,0.386947066,0.002709136,0.237792458,up,ns,1.45E-07,0.402300877,2.17E-14,0.237792458,up,ns
P40429_R(pa)GQAALDR(pa)LK_,RPL13A(R94;R101),1.19E-05,0.378343855,6.34E-05,0.376108347,up,up,6.47E-13,0.378343855,1.26E-23,0.376108347,up,up
P42765_ISR(pa)EECDK_,ACAA2(R176),0.083317741,-0.096057296,0.006526796,-0.05935464,ns,ns,0.000116571,-0.096057296,0.000402288,-0.05935464,ns,ns
P42765_YALQSQQR(pa)WK_,ACAA2(R189),0.472497614,0.086837434,0.112157926,0.285095071,ns,ns,0.303762365,0.086837434,0.088156817,0.285095071,ns,ns
P42766_VELSQLR(pa)VAK_,RPL35(R32),0.815941476,-0.022260241,0.331839809,0.021561126,ns,ns,0.009317641,0.097306249,1.38E-11,0.141127616,ns,ns
P45880_AAR(pa)DIFNK_,VDAC2(R26),0.006065878,0.270470856,0.002468828,0.307059776,up,up,3.80E-05,0.284408512,4.20E-10,0.320997432,up,up
P46776_R(pa)NQSFCPTVNLDK_,RPL27A(R65),0.123231803,-0.70273403,0.096590137,-0.539626008,ns,ns,2.94E-06,-0.70273403,2.38E-10,-0.539626008,down,down
P46781_SR(pa)LDQELK_,RPS9(R24),2.45E-05,-0.760947099,3.91E-07,-0.652761136,down,down,3.05E-10,-0.765298186,7.08E-25,-0.657112223,down,down
P47897_ANNGICFLR(pa)_,QARS1(R301),0.070393981,0.556414896,0.027242819,0.226376051,ns,ns,0.098102279,0.767324908,4.70E-06,0.226376051,ns,ns
P47985_SSR(pa)ESSEAR(pa)K_,UQCRFS1(R104;R110),NA,NA,0.000246469,0.397110105,NA,up,0.066735001,0.198873703,2.40E-16,0.508655501,ns,up
P48735_ATDFVADR(pa)AGTFK_,IDH2(R188),0.279071679,0.142184008,0.114671367,0.09323571,ns,ns,0.000255327,0.142184008,0.000127067,0.09323571,ns,ns
P50440_R(pa)VMVDANEVPIQK_,GATM(R369),7.17E-05,-0.210209534,0.614950372,0.04191676,ns,ns,0.001084416,-0.210209534,0.009429292,0.04191676,ns,ns
P50914_WAATR(pa)WAK_,RPL14(R90),0.012441348,0.065583632,0.001044993,0.096846562,ns,ns,0.01786202,0.060146636,5.32E-05,0.091409566,ns,ns
P50914_YVR(pa)QAWQK_,RPL14(R74),0.211763322,0.136010086,0.065060658,0.198667773,ns,ns,2.45E-05,0.163463996,5.19E-19,0.226121683,ns,ns
P51888_IDQR(pa)VLEK_,PRELP(R144),0.27343483,0.093131383,0.000192871,-0.13359583,ns,ns,1.24E-05,0.093131383,5.45E-12,-0.13359583,ns,ns
P51888_LTDR(pa)GLPK_,PRELP(R281),6.52E-06,0.549921524,1.74E-06,0.614286745,up,up,5.39E-06,0.522246015,2.15E-27,0.614286745,up,up
P52209_SFLEDIR(pa)K_,PGD(R324),0.004204695,0.343972856,0.47670467,0.08129023,up,ns,0.2838572,0.570377576,0.076922893,0.090161686,ns,ns
P53999_TGETSR(pa)ALSSSK_,SUB1(R47),0.920764846,0.117399596,0.586259401,0.126450802,ns,ns,0.000133886,0.275113595,2.88E-13,0.284164801,up,up
P55084_TSNVAR(pa)EAALGAGFSDK_,HADHB(R117),0.000208793,0.440308217,1.58E-05,0.294727323,up,up,6.49E-09,0.440308217,1.75E-10,0.294727323,up,up
P56470_WGSEER(pa)K_,LGALS4(R89),0.012745226,-0.418659122,0.01127524,-0.515083305,down,down,0.507179077,-0.053366841,0.032671931,-0.149791024,ns,ns
P60174_LDER(pa)EAGITEK_,TPI1(R172),0.652731995,0.001046612,0.001160101,-0.048394521,ns,ns,0.129911148,0.001046612,0.082257906,-0.048394521,ns,ns
P60709_IIAPPER(pa)K_,ACTB(R335),0.012535853,0.309250862,0.014126552,0.414396889,up,up,0.000989185,0.309250862,1.44E-07,0.414396889,up,up
P60866_GPVR(pa)MPTK_,RPS20(R55),0.282752214,0.112951425,0.010176184,0.281009996,ns,up,0.138065161,0.112951425,2.35E-10,0.281009996,ns,up
P60866_TLR(pa)ITTR(pa)K_,RPS20(R62;R66),0.010533297,-0.238697419,0.018605769,-0.192152394,ns,ns,0.00567039,-0.193614937,2.31E-07,-0.147069912,ns,ns
P60866_VCADLIR(pa)GAK_,RPS20(R41),0.024581566,0.22666258,0.19259765,-0.027111134,ns,ns,0.000423808,0.168906272,0.004918751,-0.027111134,ns,ns
P60903_DLDQCR(pa)DGK_,S100A10(R63),0.057796612,-0.102005953,0.137987514,0.0934726,ns,ns,0.048772698,-0.102005953,0.000132838,0.0934726,ns,ns
P60903_EDLR(pa)VLMEK_,S100A10(R32),NA,NA,NA,NA,NA,NA,NA,NA,NA,NA,NA,NA
P61160_R(pa)LDIAGR_,ACTR2(R181),0.112923661,-0.496607399,NA,NA,ns,NA,0.206542354,-0.512715427,0.005412806,0.155419538,ns,ns
P61247_TLVTR(pa)TQGTK_,RPS3A(R51),0.00073833,-0.619006171,0.000251515,-0.532228267,down,down,4.60E-07,-0.521815889,9.42E-12,-0.410157997,down,down
P61313_AR(pa)R(pa)LGYK_,RPL15(R49;R50),0.53482211,0.065579092,0.892901582,0.043967792,ns,ns,0.079940687,0.081854389,0.148097327,0.076954781,ns,ns
P61978_ELR(pa)ENTQTTIK_,HNRNPK(R171),0.001135707,-0.232356545,1.70E-05,-0.257734085,ns,ns,0.110493917,-0.057040945,0.041092929,-0.082418485,ns,ns
P61981_R(pa)ATVVESSEK_,YWHAG(R143),0.803915024,-0.022949076,0.084939954,0.001653178,ns,ns,0.847426969,0.010388715,0.514349958,0.001653178,ns,ns
P62081_AQLR(pa)ELNITAAK_,RPS7(R41),2.06E-05,0.432750556,2.61E-05,0.354154884,up,up,2.31E-13,0.432750556,9.55E-26,0.354154884,up,up
P62241_YELGR(pa)PAANTK_,RPS8(R31),0.579844263,-0.087382326,0.386221023,-0.105402078,ns,ns,0.207649905,0.068368178,0.005686539,0.050348426,ns,ns
P62249_GPLQSVQVFGR(pa)K_,RPS16(R15),0.000314435,0.691867367,3.97E-05,0.656660361,up,up,4.68E-09,0.691867367,9.47E-27,0.656660361,up,up
P62258_YLAEFATGNDR(pa)K_,YWHAE(R141),0.050453949,-0.080545404,0.059709592,-0.032020907,ns,ns,0.010500628,-0.080545404,0.143719555,-0.032020907,ns,ns
P62280_R(pa)VLLGETGK_,RPS11(R22),0.871803626,-0.002856426,0.920863955,-0.033522288,ns,ns,2.95E-05,0.297204119,2.99E-09,0.266538257,up,up
P62753_R(pa)QEQIAK_,RPS6(R224),0.221846799,0.238825875,0.59570924,0.016829045,ns,ns,4.31E-07,0.947900071,3.83E-14,0.725903241,up,up
P62805_LAR(pa)R(pa)GGVK_,H4-16(R40;R41),0.891159959,-0.058246158,0.000409366,-0.223598321,ns,ns,0.003554032,-0.075013469,6.68E-14,-0.240365631,ns,ns
P62805_R(pa)ISGLIYEETR_,H4-16(R46),0.166785134,0.141898476,0.027982045,0.251006463,ns,ns,0.001631665,0.143343223,7.99E-14,0.251006463,ns,ns
P62805_RQGR(pa)TLYGFGG_,H4-16(R96),0.065787232,0.235977267,0.85477284,0.048023208,ns,ns,0.003084634,0.165327172,0.001957516,0.072013982,ns,ns
P62805_VLR(pa)DNIQGITK_,H4-16(R24),0.562786524,0.011180587,0.010202069,-0.057322083,ns,ns,0.077878668,0.032056939,0.070243527,-0.036445731,ns,ns
P62820_R(pa)MGPGATAGGAEK_,RAB1A(R175),NA,NA,0.050408613,-0.212438532,NA,ns,0.004281056,-0.778251215,2.74E-05,-0.225637001,down,ns
P62834_YDPTIEDSYR(pa)K_,RAP1A(R41),2.08E-05,-0.359097755,0.027083194,-0.134917736,down,ns,1.55E-10,-0.359097755,5.07E-10,-0.134917736,down,ns
P62913_R(pa)R(pa)TGCIGAK_,RPL11(R146;R147),0.134356054,-0.109906529,0.007347218,-0.205606054,ns,ns,0.012699585,-0.109906529,0.00012016,-0.180762794,ns,ns
P62937_FGSR(pa)NGK_,PPIA(R148),0.001755195,0.652444172,3.88E-05,0.619857125,up,up,0.003924313,1.005317759,1.13E-21,0.841302985,up,up
P62937_TAENFR(pa)ALSTGEK_,PPIA(R37),0.788805618,-0.056414349,0.002593632,-0.135882263,ns,ns,2.70E-05,-0.089897916,8.80E-18,-0.169365829,ns,ns
P63096_NLR(pa)EDGEK_,GNAI1(R24),0.092593846,-0.465714773,0.051002939,-0.415802375,ns,ns,0.202297433,0.031634102,5.78E-07,0.0815465,ns,ns
P63261_GYSFTTTAER(pa)EIVR_,ACTG1(R206),0.00245239,-0.098962407,0.891051781,0.133616664,ns,ns,0.706413864,-0.081846785,2.65E-05,0.150732286,ns,ns
P63261_IIAPPER(pa)K_,ACTG1(R335),0.046966803,-0.070135532,0.021722938,0.205250145,ns,ns,0.53061004,-0.055720292,1.26E-13,0.219665385,ns,ns
P63261_ILTER(pa)GYSFTTTAER_,ACTG1(R196),0.001846348,0.5342667,0.002614411,0.406706809,up,up,0.000229682,0.5342667,2.98E-14,0.420327868,up,up
P63267_CDIDIR(pa)K_,ACTG2(R291),0.000129542,-0.236522241,0.000236248,-0.116268603,ns,ns,6.07E-06,-0.238688763,4.66E-05,-0.116268603,ns,ns
P67936_AEFAER(pa)TVAK_,TPM4(R208),0.001137182,-0.676147837,3.35E-05,-0.58252551,down,down,0.000129407,-0.421799371,1.67E-11,-0.345624657,down,down
P84098_GTANAR(pa)MPEK_,RPL19(R88),NA,NA,0.132117822,-0.725581778,NA,ns,0.028076199,-0.342430162,0.006154942,-0.307286996,down,down
Q00325_EDGVR(pa)GLAK_,SLC25A3(R117),0.677686331,0.226487246,0.334853474,0.17732125,ns,ns,0.003326303,0.345548965,1.10E-12,0.275277912,up,up
Q00796_ESPQEIAR(pa)K_,SORD(R234),0.186588776,0.127334328,0.006874721,0.24402738,ns,ns,0.000652218,0.127334328,3.72E-10,0.24402738,ns,ns
Q00839_FIEIAAR(pa)K_,HNRNPU(R572),0.730769231,-0.012149415,0.165758638,0.079617591,ns,ns,0.002264693,0.203544577,2.94E-10,0.325097846,ns,up
Q01082_EIFGR(pa)IQDK_,SPTBN1(R1820),0.001816468,-0.303035682,0.001017166,-0.232038456,down,ns,0.000165199,-0.190173753,0.000983716,-0.119176527,ns,ns
Q01082_NR(pa)EASLGEASK_,SPTBN1(R1054),0.246870206,0.126097492,4.93E-05,-0.118555888,ns,ns,0.000473254,0.234627587,0.57724861,-0.020487075,ns,ns
Q01518_EVITFR(pa)EK_,CAP1(R119),0.202241994,0.045603381,0.000652101,0.251305069,ns,ns,0.189683565,0.045603381,1.77E-11,0.251305069,ns,ns
Q01995_GPSYGMSR(pa)EVQSK_,TAGLN(R12),0.002230402,-0.135113513,0.000123748,-0.094863976,ns,ns,0.002697903,-0.109263744,0.014788033,-0.069014207,ns,ns
Q01995_R(pa)EFTESQLQEGK_,TAGLN(R161),0.429501986,0.118100281,0.001504015,-0.140831342,ns,ns,4.26E-07,0.190771207,0.080196748,-0.068160416,ns,ns
Q02252_EGASILLDGR(pa)K_,ALDH6A1(R386),0.000295226,0.761718242,2.28E-05,0.444638833,up,up,3.30E-07,0.735241238,3.38E-22,0.444638833,up,up
Q02252_ER(pa)VCNLIDSGTK_,ALDH6A1(R366),0.384993546,0.14176679,0.000581359,0.280289029,ns,up,0.004318261,0.135232123,3.02E-10,0.273754362,ns,up
Q02543_VVGR(pa)CLPTPK_,RPL18A(R15),0.152596993,0.108857405,0.305762854,0.084278237,ns,ns,0.00012941,0.146412662,5.64E-06,0.121833494,ns,ns
Q03135_EIDLVNR(pa)DPK_,CAV1(R54),0.033148542,0.152825894,0.000123174,0.386504246,ns,up,0.000172078,0.152825894,9.67E-21,0.386504246,ns,up
Q04828_R(pa)EDIFYTSK_,AKR1C1(R76),0.624419697,0.032916886,0.000135938,0.277361998,ns,up,0.000295597,0.076556475,2.04E-16,0.321001588,ns,up
Q06323_YFSER(pa)GDAVTK_,PSME1(R181),7.42E-07,-0.439599349,6.66E-05,-0.302584496,down,down,2.15E-09,-0.35121325,8.22E-11,-0.214198397,down,ns
Q06830_R(pa)TIAQDYGVLK_,PRDX1(R110),0.127358446,0.264145808,0.754154246,0.108774914,ns,ns,4.33E-10,0.306849983,3.02E-16,0.151479089,up,ns
Q09666_FGVSTGR(pa)EGQTPK_,AHNAK(R320),0.044577737,0.195176121,0.092472656,0.147307724,ns,ns,6.26E-08,0.283216178,1.20E-17,0.235347781,up,ns
Q13813_ELSTLR(pa)R(pa)QK_,SPTAN1(R36;R37),0.000102832,-0.241010056,0.003926994,-0.17827564,ns,ns,0.007045898,-0.142710947,0.035878404,-0.079976531,ns,ns
Q14624_IQQTR(pa)EALIK_,ITIH4(R294),0.006484335,-0.75830796,0.00497703,-0.646660822,down,down,8.89E-06,-0.75830796,3.20E-06,-0.646660822,down,down
Q14764_SLQPLAPR(pa)NK_,MVP(R452),NA,NA,NA,NA,NA,NA,0.014978578,-0.516895263,0.010704868,-0.454026479,down,down
Q14914_WQGDAR(pa)QK_,PTGR1(R280),0.030619936,-0.405597729,1,0.052219549,down,ns,0.092980396,-0.405597729,0.048379136,-0.094572847,ns,ns
Q15582_VIGTNR(pa)K_,TGFBI(R59),0.000120791,-0.259549715,0.004457637,-0.268194115,ns,down,0.01002619,-0.150954391,8.17E-07,-0.159598791,ns,ns
Q15836_VLER(pa)DQK_,VAMP3(R39),1,-0.088615795,0.228046922,0.086131198,ns,ns,0.407508668,0.071638519,1.63E-07,0.246385512,ns,ns
Q15911_R(pa)ALPFR(pa)K_,ZFHX3(R1523;R1528),0.000450691,1.085563287,0.023937106,0.550539309,up,up,4.01E-07,1.085563287,3.34E-13,0.550539309,up,up
Q16822_DVAR(pa)VESK_,PCK2(R104),0.527096191,0.272384704,0.334825001,0.255850567,ns,ns,2.96E-06,0.272384704,5.99E-11,0.255850567,up,ns
Q16822_R(pa)YVAAAFPSACGK_,PCK2(R296),0.41429978,0.148046292,0.086747348,0.218539569,ns,ns,4.30E-06,0.237228397,8.87E-17,0.307721674,ns,up
Q16851_R(pa)EFPTVPLVK_,UGP2(R422),NA,NA,NA,NA,NA,NA,NA,NA,NA,NA,NA,NA
Q16851_SR(pa)FVQDLSK_,UGP2(R3),0.011976898,1.029971995,0.007694585,0.953576165,up,up,0.005475605,1.181478436,0.001300604,1.105082606,up,up
Q53GQ0_VVLISR(pa)SK_,HSD17B12(R82),0.3393703,-0.063565269,0.005145308,-0.090513553,ns,ns,0.255127454,-0.081159538,0.002435232,-0.090513553,ns,ns
Q5SSJ5_R(pa)ELNR(pa)GVIK_,HP1BP3(R209;R213),0.013875447,0.258127024,0.026357549,0.204859194,ns,ns,0.020624938,0.311029982,0.003654248,0.19830931,up,ns
Q5VTE0_R(pa)GNVAGDSK_,EEF1A1P5(R322),0.056229711,-0.371013209,9.90E-05,-0.702934084,ns,down,0.033771316,0.121895233,0.201462965,-0.210025642,ns,ns
Q6NZI2_VR(pa)TR(pa)ENLEK_,CAVIN1(R247;R249),0.512820513,-0.282955635,0.094339219,-0.250324983,ns,ns,0.028954546,0.080948263,9.50E-05,0.091439371,ns,ns
Q7Z4W1_TMLNR(pa)IPLGK_,DCXR(R203),0.85774967,0.083500306,0.72171661,0.165785382,ns,ns,0.02195715,0.083500306,2.50E-07,0.165785382,ns,ns
Q8N6R1_NITQR(pa)GNVAK_,SERP2(R21),0.56070395,0.318303402,0.423204502,0.536511957,ns,ns,0.000717772,0.874816189,9.55E-05,1.093024744,up,up
Q96I99_ACR(pa)ELELK_,SUCLG2(R381),0.704984772,-0.066846586,0.90064115,-0.007026025,ns,ns,4.65E-06,0.250215672,2.21E-12,0.310036233,ns,up
Q96J94_ADGSEVSFLEYYR(pa)_,PIWIL1(R347),0.333333333,-0.692270543,0.592581168,-0.137119149,ns,ns,0.006105544,-0.914913271,0.041159932,-0.140651589,down,ns
Q96QK1_ELTR(pa)LLK_,VPS35(R400),0.932081959,0.0007205,0.853530718,0.012346757,ns,ns,0.003860256,0.236972606,8.89E-09,0.283971757,ns,up
Q99878_TR(pa)SSR(pa)AGLQFPVGR_,H2AC14(R18;R21),0.14188246,-4.51E-05,4.13E-07,0.347671891,ns,up,0.834834158,-4.51E-05,3.78E-27,0.347671891,ns,up
Q99879_R(pa)STITSR(pa)EIQTAVR_,H2BC14(R87;R93),0.637207924,-0.004683592,2.11E-05,0.340994688,ns,up,0.039403498,-0.062400769,2.22E-06,0.277906257,ns,up
Q99880_R(pa)STITSR(pa)EIQTAVR_,H2BC13(R87;R93),0.312112037,-0.168666123,0.022875588,0.038373775,ns,ns,0.009003186,-0.144655163,0.196331124,0.038373775,ns,ns
Q9BTM1_SR(pa)SSR(pa)AGLQFPVGR_,H2AJ(R18;R21),6.67E-05,0.601581408,2.48E-07,0.568673484,up,up,1.58E-11,0.524345833,5.93E-21,0.491437909,up,up
Q9BUT1_IQAR(pa)GNPEEAR_,BDH2(R192),0.009470183,-0.286022557,0.069103162,-0.118808519,down,ns,NA,NA,0.185587436,-0.079508208,NA,ns
Q9H1E3_NVR(pa)QQR(pa)QAASK_,NUCKS1(R90;R93),0.005384116,0.317934352,0.000162145,0.548792829,up,up,1.58E-05,0.317934352,1.10E-07,0.548792829,up,up
Q9H299_VYSTSVTGSR(pa)EIK_,SH3BGRL3(R15),0.775610543,-0.074315234,0.944979812,-0.023658037,ns,ns,0.593901255,-0.023592653,0.313860208,0.027064544,ns,ns
Q9NZN4_R(pa)GGAR(pa)GQQPEAIR_,EHD2(R7;R11),0.09883669,-0.116418448,0.081403,0.21701833,ns,ns,0.898238318,-0.023111722,4.17E-09,0.21701833,ns,ns
Q9UBQ7_R(pa)ILDAAGANLK_,GRHPR(R66),0.053985914,0.135717734,0.00021513,0.183012947,ns,ns,1.97E-06,0.135717734,3.08E-18,0.183012947,ns,ns
Q9UL46_VLER(pa)VNAVK_,PSME2(R149),0.138322244,0.068022095,4.65E-05,0.244977918,ns,ns,0.053835105,0.052467987,1.37E-18,0.244977918,ns,ns
Q9UL46_YFSER(pa)GDAVAK_,PSME2(R171),0.049356312,-0.085238411,1.73E-05,-0.170107085,ns,ns,0.296969783,-0.019709286,0.000783261,-0.10457796,ns,ns
Q9UM07_LLLASPR(pa)SCYK_,PADI4(R495),0.007709859,0.415820045,0.001217639,0.349294377,up,up,2.43E-07,0.403227904,4.21E-24,0.352640705,up,up
Q9UM07_R(pa)VMGPDFGYVTR_,PADI4(R383),0.020447665,0.335228635,0.501685789,0.287680009,up,ns,0.000331248,0.385386035,5.10E-19,0.337837409,up,up
Q9UM07_VR(pa)VFQATR(pa)GK_,PADI4(R212;R218),1.71E-08,0.617415598,2.97E-09,0.735511826,up,up,9.46E-14,0.617415598,2.74E-32,0.735511826,up,up
Q9UNL2_R(pa)EDAVSK_,SSR3(R92),0.641260544,0.20152695,0.299512287,0.314466433,ns,ns,2.16E-05,0.20152695,1.09E-17,0.314466433,ns,up
Q9Y2J8_DMSQMILR(pa)TK_,PADI2(R187),5.48E-07,-0.421666725,1.81E-09,-0.409931024,down,down,3.74E-09,-0.421666725,2.41E-23,-0.409931024,down,down
Q9Y2J8_EDCR(pa)DEK_,PADI2(R168),0.423204502,0.122889846,0.238088315,0.040918884,ns,ns,1.88E-05,0.419788638,8.93E-06,0.337817676,up,up
Q9Y2J8_FLGEVHCGTNVR(pa)_,PADI2(R652),0.296945206,0.037023864,0.034430576,0.13252028,ns,ns,0.441090218,0.01759255,5.37E-08,0.13252028,ns,ns
Q9Y2J8_GFPVVLDSPR(pa)DGNLK_,PADI2(R373),0.006154072,-0.860109559,0.005389821,-0.536778752,down,down,0.000234272,-0.521171469,0.179068242,-0.197840662,down,ns
Q9Y2J8_QR(pa)WLLSPSTTLR_,PADI2(R68),0.002745453,0.365418,0.308186233,0.11163593,up,ns,0.169596862,0.260878297,0.004637286,-0.059628873,ns,ns
Q9Y2J8_VCFQYLNR(pa)GDR_,PADI2(R344),0.01697293,-0.033383462,0.862693919,0.147079989,ns,ns,0.167737646,-0.033383462,1.24E-12,0.147079989,ns,ns
Q9Y2J8_VVR(pa)DFLK_,PADI2(R448),0.569763474,-0.048874952,0.49936045,-0.055131878,ns,ns,9.91E-06,0.097763976,1.13E-10,0.09150705,ns,ns
Q9Y5S8_CAESFEMWDDR(pa)_,NOX1(R253),0.011000027,-0.242443857,5.92E-06,-0.815722127,ns,down,0.03151098,-0.242443857,3.30E-18,-0.815722127,ns,down
Q9Y6N5_AR(pa)VTELNPDK_,SQOR(R117),0.703803834,-0.048246054,0.194850649,0.150377092,ns,ns,0.241174252,-0.048246054,0.004961614,0.150377092,ns,ns
Q9Y6X1_NITQR(pa)GNVAK_,SERP1(R21),1,-0.237555503,0.465475062,-0.132968443,ns,ns,0.00571126,0.469747361,3.10E-10,0.619946542,up,up
